asof,symbol_a,symbol_b,pair
2010-07-06,ALL,MET,ALL-MET
2010-07-06,DE,HON,DE-HON
2010-07-06,EMR,ETN,EMR-ETN
2010-07-06,HUBB,SWK,HUBB-SWK
2010-07-06,NVDA,TER,NVDA-TER
2011-01-03,ADI,IBM,ADI-IBM
2011-01-03,ALL,MET,ALL-MET
2011-01-03,AOS,ETN,AOS-ETN
2011-01-03,DE,HON,DE-HON
2011-01-03,EMR,ETN,EMR-ETN
2011-01-03,GE,WAB,GE-WAB
2011-01-03,HUBB,SWK,HUBB-SWK
2011-01-03,MKC,SYY,MKC-SYY
2011-01-03,NVDA,TER,NVDA-TER
2011-01-03,TXT,WAB,TXT-WAB
2011-07-05,ADI,IBM,ADI-IBM
2011-07-05,ALL,MET,ALL-MET
2011-07-05,AOS,ETN,AOS-ETN
2011-07-05,C,HIG,C-HIG
2011-07-05,C,JPM,C-JPM
2011-07-05,C,MET,C-MET
2011-07-05,C,PRU,C-PRU
2011-07-05,DE,HON,DE-HON
2011-07-05,EMR,ETN,EMR-ETN
2011-07-05,GE,WAB,GE-WAB
2011-07-05,HUBB,SWK,HUBB-SWK
2011-07-05,MKC,SYY,MKC-SYY
2011-07-05,NVDA,TER,NVDA-TER
2011-07-05,TDY,TER,TDY-TER
2011-07-05,TXT,WAB,TXT-WAB
2012-01-03,ADI,IBM,ADI-IBM
2012-01-03,ALL,MET,ALL-MET
2012-01-03,AOS,ETN,AOS-ETN
2012-01-03,C,HIG,C-HIG
2012-01-03,C,JPM,C-JPM
2012-01-03,C,MET,C-MET
2012-01-03,C,PRU,C-PRU
2012-01-03,DE,HON,DE-HON
2012-01-03,DOV,TDG,DOV-TDG
2012-01-03,EMR,ETN,EMR-ETN
2012-01-03,GE,WAB,GE-WAB
2012-01-03,HON,JBHT,HON-JBHT
2012-01-03,HUBB,SWK,HUBB-SWK
2012-01-03,KIM,REG,KIM-REG
2012-01-03,MKC,SYY,MKC-SYY
2012-01-03,MMM,WM,MMM-WM
2012-01-03,NOC,PNR,NOC-PNR
2012-01-03,NVDA,TER,NVDA-TER
2012-01-03,TDY,TER,TDY-TER
2012-01-03,TXT,WAB,TXT-WAB
2012-07-03,ADI,IBM,ADI-IBM
2012-07-03,ALL,MET,ALL-MET
2012-07-03,AOS,ETN,AOS-ETN
2012-07-03,C,HIG,C-HIG
2012-07-03,C,JPM,C-JPM
2012-07-03,C,MET,C-MET
2012-07-03,C,PRU,C-PRU
2012-07-03,DE,HON,DE-HON
2012-07-03,DOV,TDG,DOV-TDG
2012-07-03,EMR,ETN,EMR-ETN
2012-07-03,GE,WAB,GE-WAB
2012-07-03,HBAN,PFG,HBAN-PFG
2012-07-03,HON,JBHT,HON-JBHT
2012-07-03,HUBB,SWK,HUBB-SWK
2012-07-03,JBHT,JCI,JBHT-JCI
2012-07-03,JCI,WAB,JCI-WAB
2012-07-03,KIM,REG,KIM-REG
2012-07-03,MKC,SYY,MKC-SYY
2012-07-03,MMM,WM,MMM-WM
2012-07-03,NOC,PNR,NOC-PNR
2012-07-03,NVDA,TER,NVDA-TER
2012-07-03,O,VTR,O-VTR
2012-07-03,PEG,SO,PEG-SO
2012-07-03,TDY,TER,TDY-TER
2012-07-03,TXT,WAB,TXT-WAB
2013-01-04,ADI,IBM,ADI-IBM
2013-01-04,ALL,MET,ALL-MET
2013-01-04,AOS,ETN,AOS-ETN
2013-01-04,APD,CRH,APD-CRH
2013-01-04,C,HIG,C-HIG
2013-01-04,C,JPM,C-JPM
2013-01-04,C,MET,C-MET
2013-01-04,C,PRU,C-PRU
2013-01-04,CPT,EQR,CPT-EQR
2013-01-04,DE,HON,DE-HON
2013-01-04,DOV,ROK,DOV-ROK
2013-01-04,DOV,TDG,DOV-TDG
2013-01-04,EMR,ETN,EMR-ETN
2013-01-04,FDX,MAS,FDX-MAS
2013-01-04,GE,WAB,GE-WAB
2013-01-04,HBAN,PFG,HBAN-PFG
2013-01-04,HON,JBHT,HON-JBHT
2013-01-04,HUBB,SWK,HUBB-SWK
2013-01-04,JBHT,JCI,JBHT-JCI
2013-01-04,JCI,WAB,JCI-WAB
2013-01-04,KIM,REG,KIM-REG
2013-01-04,MKC,SYY,MKC-SYY
2013-01-04,MMM,WM,MMM-WM
2013-01-04,MSCI,SCHW,MSCI-SCHW
2013-01-04,NOC,PNR,NOC-PNR
2013-01-04,NVDA,TER,NVDA-TER
2013-01-04,O,VTR,O-VTR
2013-01-04,PEG,SO,PEG-SO
2013-01-04,TDY,TER,TDY-TER
2013-01-04,TXT,WAB,TXT-WAB
2013-07-08,ADI,IBM,ADI-IBM
2013-07-08,AIG,BRO,AIG-BRO
2013-07-08,AIG,FISV,AIG-FISV
2013-07-08,AIG,IVZ,AIG-IVZ
2013-07-08,ALL,MET,ALL-MET
2013-07-08,AOS,ETN,AOS-ETN
2013-07-08,APD,CRH,APD-CRH
2013-07-08,AVB,ESS,AVB-ESS
2013-07-08,C,HIG,C-HIG
2013-07-08,C,JPM,C-JPM
2013-07-08,C,MET,C-MET
2013-07-08,C,PRU,C-PRU
2013-07-08,CPT,EQR,CPT-EQR
2013-07-08,DE,HON,DE-HON
2013-07-08,DOV,ROK,DOV-ROK
2013-07-08,DOV,TDG,DOV-TDG
2013-07-08,EMR,ETN,EMR-ETN
2013-07-08,FDX,MAS,FDX-MAS
2013-07-08,GE,WAB,GE-WAB
2013-07-08,HBAN,PFG,HBAN-PFG
2013-07-08,HON,JBHT,HON-JBHT
2013-07-08,HUBB,SWK,HUBB-SWK
2013-07-08,JBHT,JCI,JBHT-JCI
2013-07-08,JCI,WAB,JCI-WAB
2013-07-08,KIM,REG,KIM-REG
2013-07-08,MKC,SYY,MKC-SYY
2013-07-08,MMM,WM,MMM-WM
2013-07-08,MSCI,SCHW,MSCI-SCHW
2013-07-08,NOC,PNR,NOC-PNR
2013-07-08,NTRS,RJF,NTRS-RJF
2013-07-08,NVDA,TER,NVDA-TER
2013-07-08,O,VTR,O-VTR
2013-07-08,PEG,SO,PEG-SO
2013-07-08,TDY,TER,TDY-TER
2013-07-08,TXT,WAB,TXT-WAB
2014-01-06,ADI,IBM,ADI-IBM
2014-01-06,AIG,BRO,AIG-BRO
2014-01-06,AIG,FISV,AIG-FISV
2014-01-06,AIG,IVZ,AIG-IVZ
2014-01-06,ALL,MET,ALL-MET
2014-01-06,AOS,ETN,AOS-ETN
2014-01-06,APD,CRH,APD-CRH
2014-01-06,AVB,ESS,AVB-ESS
2014-01-06,BAC,BNY,BAC-BNY
2014-01-06,C,HIG,C-HIG
2014-01-06,C,JPM,C-JPM
2014-01-06,C,MET,C-MET
2014-01-06,C,PRU,C-PRU
2014-01-06,CPT,EQR,CPT-EQR
2014-01-06,DE,HON,DE-HON
2014-01-06,DOV,ETN,DOV-ETN
2014-01-06,DOV,ROK,DOV-ROK
2014-01-06,DOV,TDG,DOV-TDG
2014-01-06,DTE,ES,DTE-ES
2014-01-06,EG,L,EG-L
2014-01-06,EMR,ETN,EMR-ETN
2014-01-06,FDX,MAS,FDX-MAS
2014-01-06,GE,WAB,GE-WAB
2014-01-06,HBAN,PFG,HBAN-PFG
2014-01-06,HON,JBHT,HON-JBHT
2014-01-06,HUBB,SWK,HUBB-SWK
2014-01-06,JBHT,JCI,JBHT-JCI
2014-01-06,JCI,WAB,JCI-WAB
2014-01-06,KIM,REG,KIM-REG
2014-01-06,L,TRV,L-TRV
2014-01-06,MKC,SYY,MKC-SYY
2014-01-06,MMM,WM,MMM-WM
2014-01-06,MSCI,SCHW,MSCI-SCHW
2014-01-06,NOC,PNR,NOC-PNR
2014-01-06,NTRS,RJF,NTRS-RJF
2014-01-06,NVDA,TER,NVDA-TER
2014-01-06,O,VTR,O-VTR
2014-01-06,PEG,SO,PEG-SO
2014-01-06,TDY,TER,TDY-TER
2014-01-06,TXT,WAB,TXT-WAB
2014-07-08,ADI,IBM,ADI-IBM
2014-07-08,AIG,BRO,AIG-BRO
2014-07-08,AIG,FISV,AIG-FISV
2014-07-08,AIG,IVZ,AIG-IVZ
2014-07-08,AIG,L,AIG-L
2014-07-08,ALL,MET,ALL-MET
2014-07-08,AOS,ETN,AOS-ETN
2014-07-08,APD,CRH,APD-CRH
2014-07-08,AVB,ESS,AVB-ESS
2014-07-08,BAC,BNY,BAC-BNY
2014-07-08,C,HIG,C-HIG
2014-07-08,C,JPM,C-JPM
2014-07-08,C,MET,C-MET
2014-07-08,C,PRU,C-PRU
2014-07-08,CPT,EQR,CPT-EQR
2014-07-08,DE,HON,DE-HON
2014-07-08,DOV,ETN,DOV-ETN
2014-07-08,DOV,ROK,DOV-ROK
2014-07-08,DOV,TDG,DOV-TDG
2014-07-08,DTE,ES,DTE-ES
2014-07-08,EG,L,EG-L
2014-07-08,EMR,ETN,EMR-ETN
2014-07-08,FDX,MAS,FDX-MAS
2014-07-08,GE,WAB,GE-WAB
2014-07-08,HBAN,PFG,HBAN-PFG
2014-07-08,HON,JBHT,HON-JBHT
2014-07-08,HUBB,SWK,HUBB-SWK
2014-07-08,J,PCAR,J-PCAR
2014-07-08,JBHT,JCI,JBHT-JCI
2014-07-08,JCI,PNR,JCI-PNR
2014-07-08,JCI,WAB,JCI-WAB
2014-07-08,KIM,REG,KIM-REG
2014-07-08,L,TRV,L-TRV
2014-07-08,MKC,SYY,MKC-SYY
2014-07-08,MMM,WM,MMM-WM
2014-07-08,MSCI,SCHW,MSCI-SCHW
2014-07-08,NOC,PNR,NOC-PNR
2014-07-08,NTRS,RJF,NTRS-RJF
2014-07-08,NVDA,TER,NVDA-TER
2014-07-08,O,VTR,O-VTR
2014-07-08,PEG,SO,PEG-SO
2014-07-08,TDY,TER,TDY-TER
2014-07-08,TXT,WAB,TXT-WAB
2015-01-06,ADI,IBM,ADI-IBM
2015-01-06,AIG,BRO,AIG-BRO
2015-01-06,AIG,FISV,AIG-FISV
2015-01-06,AIG,IVZ,AIG-IVZ
2015-01-06,AIG,L,AIG-L
2015-01-06,ALL,MET,ALL-MET
2015-01-06,AOS,ETN,AOS-ETN
2015-01-06,APD,CRH,APD-CRH
2015-01-06,AVB,ESS,AVB-ESS
2015-01-06,BAC,BNY,BAC-BNY
2015-01-06,C,HIG,C-HIG
2015-01-06,C,JPM,C-JPM
2015-01-06,C,MET,C-MET
2015-01-06,C,PRU,C-PRU
2015-01-06,CMS,ES,CMS-ES
2015-01-06,CPT,EQR,CPT-EQR
2015-01-06,DE,HON,DE-HON
2015-01-06,DOV,ETN,DOV-ETN
2015-01-06,DOV,ROK,DOV-ROK
2015-01-06,DOV,TDG,DOV-TDG
2015-01-06,DTE,ES,DTE-ES
2015-01-06,EG,L,EG-L
2015-01-06,EMR,ETN,EMR-ETN
2015-01-06,FDX,MAS,FDX-MAS
2015-01-06,GE,WAB,GE-WAB
2015-01-06,HBAN,PFG,HBAN-PFG
2015-01-06,HON,JBHT,HON-JBHT
2015-01-06,HUBB,SWK,HUBB-SWK
2015-01-06,J,PCAR,J-PCAR
2015-01-06,JBHT,JCI,JBHT-JCI
2015-01-06,JCI,PNR,JCI-PNR
2015-01-06,JCI,WAB,JCI-WAB
2015-01-06,KEY,SCHW,KEY-SCHW
2015-01-06,KIM,REG,KIM-REG
2015-01-06,L,TRV,L-TRV
2015-01-06,LIN,PPG,LIN-PPG
2015-01-06,MKC,SYY,MKC-SYY
2015-01-06,MMM,WM,MMM-WM
2015-01-06,MSCI,SCHW,MSCI-SCHW
2015-01-06,NOC,PNR,NOC-PNR
2015-01-06,NTRS,RJF,NTRS-RJF
2015-01-06,NUE,STLD,NUE-STLD
2015-01-06,NVDA,TER,NVDA-TER
2015-01-06,O,VTR,O-VTR
2015-01-06,PEG,SO,PEG-SO
2015-01-06,PH,UPS,PH-UPS
2015-01-06,TDY,TER,TDY-TER
2015-01-06,TXT,WAB,TXT-WAB
2015-07-08,ADI,IBM,ADI-IBM
2015-07-08,AIG,BRO,AIG-BRO
2015-07-08,AIG,FISV,AIG-FISV
2015-07-08,AIG,IVZ,AIG-IVZ
2015-07-08,AIG,L,AIG-L
2015-07-08,ALL,MET,ALL-MET
2015-07-08,AME,LHX,AME-LHX
2015-07-08,AOS,ETN,AOS-ETN
2015-07-08,APD,CRH,APD-CRH
2015-07-08,AVB,ESS,AVB-ESS
2015-07-08,BAC,BNY,BAC-BNY
2015-07-08,C,HIG,C-HIG
2015-07-08,C,JPM,C-JPM
2015-07-08,C,MET,C-MET
2015-07-08,C,PRU,C-PRU
2015-07-08,CMS,ES,CMS-ES
2015-07-08,CMS,XEL,CMS-XEL
2015-07-08,CPT,EQR,CPT-EQR
2015-07-08,DE,HON,DE-HON
2015-07-08,DOV,ETN,DOV-ETN
2015-07-08,DOV,ROK,DOV-ROK
2015-07-08,DOV,TDG,DOV-TDG
2015-07-08,DTE,ES,DTE-ES
2015-07-08,EG,L,EG-L
2015-07-08,EMR,ETN,EMR-ETN
2015-07-08,ESS,UDR,ESS-UDR
2015-07-08,FDX,MAS,FDX-MAS
2015-07-08,GE,WAB,GE-WAB
2015-07-08,HBAN,PFG,HBAN-PFG
2015-07-08,HBAN,SCHW,HBAN-SCHW
2015-07-08,HON,JBHT,HON-JBHT
2015-07-08,HUBB,SWK,HUBB-SWK
2015-07-08,J,PCAR,J-PCAR
2015-07-08,JBHT,JCI,JBHT-JCI
2015-07-08,JCI,PNR,JCI-PNR
2015-07-08,JCI,WAB,JCI-WAB
2015-07-08,KEY,SCHW,KEY-SCHW
2015-07-08,KIM,REG,KIM-REG
2015-07-08,L,TRV,L-TRV
2015-07-08,LIN,PPG,LIN-PPG
2015-07-08,MKC,SYY,MKC-SYY
2015-07-08,MMM,WM,MMM-WM
2015-07-08,MSCI,SCHW,MSCI-SCHW
2015-07-08,NI,SRE,NI-SRE
2015-07-08,NOC,PNR,NOC-PNR
2015-07-08,NTRS,RJF,NTRS-RJF
2015-07-08,NUE,STLD,NUE-STLD
2015-07-08,NVDA,TER,NVDA-TER
2015-07-08,O,VTR,O-VTR
2015-07-08,PEG,SO,PEG-SO
2015-07-08,PH,UPS,PH-UPS
2015-07-08,TDY,TER,TDY-TER
2015-07-08,TXT,WAB,TXT-WAB
2016-01-06,ADI,IBM,ADI-IBM
2016-01-06,AIG,BRO,AIG-BRO
2016-01-06,AIG,FISV,AIG-FISV
2016-01-06,AIG,IVZ,AIG-IVZ
2016-01-06,AIG,L,AIG-L
2016-01-06,ALL,MET,ALL-MET
2016-01-06,AME,LHX,AME-LHX
2016-01-06,AOS,ETN,AOS-ETN
2016-01-06,APD,CRH,APD-CRH
2016-01-06,AVB,ESS,AVB-ESS
2016-01-06,BAC,BNY,BAC-BNY
2016-01-06,C,HIG,C-HIG
2016-01-06,C,JPM,C-JPM
2016-01-06,C,MET,C-MET
2016-01-06,C,PRU,C-PRU
2016-01-06,CMS,ES,CMS-ES
2016-01-06,CMS,PCG,CMS-PCG
2016-01-06,CMS,XEL,CMS-XEL
2016-01-06,CPT,EQR,CPT-EQR
2016-01-06,DE,HON,DE-HON
2016-01-06,DOV,ETN,DOV-ETN
2016-01-06,DOV,ROK,DOV-ROK
2016-01-06,DOV,TDG,DOV-TDG
2016-01-06,DTE,EIX,DTE-EIX
2016-01-06,DTE,ES,DTE-ES
2016-01-06,EG,L,EG-L
2016-01-06,EMR,ETN,EMR-ETN
2016-01-06,ESS,UDR,ESS-UDR
2016-01-06,FDX,MAS,FDX-MAS
2016-01-06,FRT,SPG,FRT-SPG
2016-01-06,GE,WAB,GE-WAB
2016-01-06,HBAN,PFG,HBAN-PFG
2016-01-06,HBAN,SCHW,HBAN-SCHW
2016-01-06,HON,JBHT,HON-JBHT
2016-01-06,HUBB,SWK,HUBB-SWK
2016-01-06,J,PCAR,J-PCAR
2016-01-06,JBHT,JCI,JBHT-JCI
2016-01-06,JCI,PNR,JCI-PNR
2016-01-06,JCI,WAB,JCI-WAB
2016-01-06,KEY,SCHW,KEY-SCHW
2016-01-06,KIM,REG,KIM-REG
2016-01-06,L,PNC,L-PNC
2016-01-06,L,TRV,L-TRV
2016-01-06,L,WFC,L-WFC
2016-01-06,LIN,PPG,LIN-PPG
2016-01-06,MKC,SYY,MKC-SYY
2016-01-06,MMM,WM,MMM-WM
2016-01-06,MSCI,SCHW,MSCI-SCHW
2016-01-06,NI,SRE,NI-SRE
2016-01-06,NOC,PNR,NOC-PNR
2016-01-06,NTRS,RJF,NTRS-RJF
2016-01-06,NUE,STLD,NUE-STLD
2016-01-06,NVDA,TER,NVDA-TER
2016-01-06,O,VTR,O-VTR
2016-01-06,PEG,SO,PEG-SO
2016-01-06,PH,UPS,PH-UPS
2016-01-06,TDY,TER,TDY-TER
2016-01-06,TXT,WAB,TXT-WAB
2016-07-07,ADI,IBM,ADI-IBM
2016-07-07,AIG,BRO,AIG-BRO
2016-07-07,AIG,FISV,AIG-FISV
2016-07-07,AIG,IVZ,AIG-IVZ
2016-07-07,AIG,L,AIG-L
2016-07-07,ALL,MET,ALL-MET
2016-07-07,AME,EME,AME-EME
2016-07-07,AME,LHX,AME-LHX
2016-07-07,AOS,ETN,AOS-ETN
2016-07-07,APD,CRH,APD-CRH
2016-07-07,AVB,ESS,AVB-ESS
2016-07-07,BAC,BNY,BAC-BNY
2016-07-07,C,GS,C-GS
2016-07-07,C,HIG,C-HIG
2016-07-07,C,JPM,C-JPM
2016-07-07,C,MET,C-MET
2016-07-07,C,PRU,C-PRU
2016-07-07,CMS,ES,CMS-ES
2016-07-07,CMS,PCG,CMS-PCG
2016-07-07,CMS,XEL,CMS-XEL
2016-07-07,CPT,EQR,CPT-EQR
2016-07-07,DE,HON,DE-HON
2016-07-07,DOV,ETN,DOV-ETN
2016-07-07,DOV,ROK,DOV-ROK
2016-07-07,DOV,TDG,DOV-TDG
2016-07-07,DTE,EIX,DTE-EIX
2016-07-07,DTE,ES,DTE-ES
2016-07-07,EG,L,EG-L
2016-07-07,EMR,ETN,EMR-ETN
2016-07-07,ES,PNW,ES-PNW
2016-07-07,ESS,UDR,ESS-UDR
2016-07-07,FDX,MAS,FDX-MAS
2016-07-07,FRT,SPG,FRT-SPG
2016-07-07,GE,WAB,GE-WAB
2016-07-07,HBAN,PFG,HBAN-PFG
2016-07-07,HBAN,SCHW,HBAN-SCHW
2016-07-07,HON,JBHT,HON-JBHT
2016-07-07,HUBB,SWK,HUBB-SWK
2016-07-07,J,PCAR,J-PCAR
2016-07-07,JBHT,JCI,JBHT-JCI
2016-07-07,JCI,PNR,JCI-PNR
2016-07-07,JCI,WAB,JCI-WAB
2016-07-07,KEY,SCHW,KEY-SCHW
2016-07-07,KIM,REG,KIM-REG
2016-07-07,L,PGR,L-PGR
2016-07-07,L,PNC,L-PNC
2016-07-07,L,TRV,L-TRV
2016-07-07,L,WFC,L-WFC
2016-07-07,LIN,PPG,LIN-PPG
2016-07-07,MKC,SYY,MKC-SYY
2016-07-07,MMM,WM,MMM-WM
2016-07-07,MSCI,SCHW,MSCI-SCHW
2016-07-07,NI,SRE,NI-SRE
2016-07-07,NOC,PNR,NOC-PNR
2016-07-07,NTRS,RJF,NTRS-RJF
2016-07-07,NUE,STLD,NUE-STLD
2016-07-07,NVDA,TER,NVDA-TER
2016-07-07,O,VTR,O-VTR
2016-07-07,PEG,SO,PEG-SO
2016-07-07,PH,UPS,PH-UPS
2016-07-07,TDY,TER,TDY-TER
2016-07-07,TXT,WAB,TXT-WAB
2017-01-05,ADI,IBM,ADI-IBM
2017-01-05,AIG,BRO,AIG-BRO
2017-01-05,AIG,FISV,AIG-FISV
2017-01-05,AIG,IVZ,AIG-IVZ
2017-01-05,AIG,L,AIG-L
2017-01-05,ALL,MET,ALL-MET
2017-01-05,ALLE,AOS,ALLE-AOS
2017-01-05,AME,EME,AME-EME
2017-01-05,AME,LHX,AME-LHX
2017-01-05,AOS,ETN,AOS-ETN
2017-01-05,APD,CRH,APD-CRH
2017-01-05,APH,FLEX,APH-FLEX
2017-01-05,AVB,ESS,AVB-ESS
2017-01-05,BAC,BNY,BAC-BNY
2017-01-05,C,GS,C-GS
2017-01-05,C,HIG,C-HIG
2017-01-05,C,JPM,C-JPM
2017-01-05,C,MET,C-MET
2017-01-05,C,PRU,C-PRU
2017-01-05,CMS,ES,CMS-ES
2017-01-05,CMS,PCG,CMS-PCG
2017-01-05,CMS,XEL,CMS-XEL
2017-01-05,COF,MET,COF-MET
2017-01-05,CPT,EQR,CPT-EQR
2017-01-05,DE,HON,DE-HON
2017-01-05,DOV,ETN,DOV-ETN
2017-01-05,DOV,ROK,DOV-ROK
2017-01-05,DOV,TDG,DOV-TDG
2017-01-05,DTE,EIX,DTE-EIX
2017-01-05,DTE,ES,DTE-ES
2017-01-05,EG,L,EG-L
2017-01-05,EMR,ETN,EMR-ETN
2017-01-05,ES,PNW,ES-PNW
2017-01-05,ESS,UDR,ESS-UDR
2017-01-05,FDX,MAS,FDX-MAS
2017-01-05,FRT,SPG,FRT-SPG
2017-01-05,GE,WAB,GE-WAB
2017-01-05,HBAN,PFG,HBAN-PFG
2017-01-05,HBAN,SCHW,HBAN-SCHW
2017-01-05,HON,JBHT,HON-JBHT
2017-01-05,HUBB,SWK,HUBB-SWK
2017-01-05,J,PCAR,J-PCAR
2017-01-05,JBHT,JCI,JBHT-JCI
2017-01-05,JCI,PNR,JCI-PNR
2017-01-05,JCI,WAB,JCI-WAB
2017-01-05,KEY,SCHW,KEY-SCHW
2017-01-05,KIM,REG,KIM-REG
2017-01-05,L,PGR,L-PGR
2017-01-05,L,PNC,L-PNC
2017-01-05,L,TRV,L-TRV
2017-01-05,L,WFC,L-WFC
2017-01-05,LIN,PPG,LIN-PPG
2017-01-05,MKC,SYY,MKC-SYY
2017-01-05,MMM,WM,MMM-WM
2017-01-05,MSCI,SCHW,MSCI-SCHW
2017-01-05,MTB,RJF,MTB-RJF
2017-01-05,NI,SRE,NI-SRE
2017-01-05,NOC,PNR,NOC-PNR
2017-01-05,NTRS,RJF,NTRS-RJF
2017-01-05,NUE,STLD,NUE-STLD
2017-01-05,NVDA,TER,NVDA-TER
2017-01-05,O,VTR,O-VTR
2017-01-05,PEG,SO,PEG-SO
2017-01-05,PH,UPS,PH-UPS
2017-01-05,RJF,TFC,RJF-TFC
2017-01-05,TDY,TER,TDY-TER
2017-01-05,TXT,WAB,TXT-WAB
2017-07-07,ADI,IBM,ADI-IBM
2017-07-07,AIG,BRO,AIG-BRO
2017-07-07,AIG,FISV,AIG-FISV
2017-07-07,AIG,IVZ,AIG-IVZ
2017-07-07,AIG,L,AIG-L
2017-07-07,ALL,MET,ALL-MET
2017-07-07,ALLE,AOS,ALLE-AOS
2017-07-07,AME,EME,AME-EME
2017-07-07,AME,LHX,AME-LHX
2017-07-07,AOS,ETN,AOS-ETN
2017-07-07,APD,CRH,APD-CRH
2017-07-07,APH,FLEX,APH-FLEX
2017-07-07,AVB,ESS,AVB-ESS
2017-07-07,BAC,BNY,BAC-BNY
2017-07-07,C,GS,C-GS
2017-07-07,C,HIG,C-HIG
2017-07-07,C,JPM,C-JPM
2017-07-07,C,MET,C-MET
2017-07-07,C,PRU,C-PRU
2017-07-07,CMS,ES,CMS-ES
2017-07-07,CMS,PCG,CMS-PCG
2017-07-07,CMS,XEL,CMS-XEL
2017-07-07,COF,MET,COF-MET
2017-07-07,CPT,EQR,CPT-EQR
2017-07-07,DE,HON,DE-HON
2017-07-07,DOV,ETN,DOV-ETN
2017-07-07,DOV,ROK,DOV-ROK
2017-07-07,DOV,TDG,DOV-TDG
2017-07-07,DTE,EIX,DTE-EIX
2017-07-07,DTE,ES,DTE-ES
2017-07-07,EG,L,EG-L
2017-07-07,EMR,ETN,EMR-ETN
2017-07-07,ES,PNW,ES-PNW
2017-07-07,ESS,UDR,ESS-UDR
2017-07-07,EXPD,UPS,EXPD-UPS
2017-07-07,FDX,MAS,FDX-MAS
2017-07-07,FITB,PRU,FITB-PRU
2017-07-07,FRT,SPG,FRT-SPG
2017-07-07,GE,WAB,GE-WAB
2017-07-07,HBAN,PFG,HBAN-PFG
2017-07-07,HBAN,SCHW,HBAN-SCHW
2017-07-07,HON,JBHT,HON-JBHT
2017-07-07,HUBB,SWK,HUBB-SWK
2017-07-07,J,PCAR,J-PCAR
2017-07-07,JBHT,JCI,JBHT-JCI
2017-07-07,JCI,PNR,JCI-PNR
2017-07-07,JCI,WAB,JCI-WAB
2017-07-07,KEY,SCHW,KEY-SCHW
2017-07-07,KIM,REG,KIM-REG
2017-07-07,L,PGR,L-PGR
2017-07-07,L,PNC,L-PNC
2017-07-07,L,TRV,L-TRV
2017-07-07,L,WFC,L-WFC
2017-07-07,LIN,PPG,LIN-PPG
2017-07-07,MKC,SYY,MKC-SYY
2017-07-07,MMM,WM,MMM-WM
2017-07-07,MSCI,SCHW,MSCI-SCHW
2017-07-07,MTB,RJF,MTB-RJF
2017-07-07,NI,SRE,NI-SRE
2017-07-07,NOC,PNR,NOC-PNR
2017-07-07,NTRS,PRU,NTRS-PRU
2017-07-07,NTRS,RJF,NTRS-RJF
2017-07-07,NUE,STLD,NUE-STLD
2017-07-07,NVDA,TER,NVDA-TER
2017-07-07,O,VTR,O-VTR
2017-07-07,PEG,SO,PEG-SO
2017-07-07,PH,UPS,PH-UPS
2017-07-07,RJF,TFC,RJF-TFC
2017-07-07,TDY,TER,TDY-TER
2017-07-07,TXT,WAB,TXT-WAB
2018-01-05,ADI,IBM,ADI-IBM
2018-01-05,AIG,BRO,AIG-BRO
2018-01-05,AIG,FISV,AIG-FISV
2018-01-05,AIG,IVZ,AIG-IVZ
2018-01-05,AIG,L,AIG-L
2018-01-05,ALL,MET,ALL-MET
2018-01-05,ALLE,AOS,ALLE-AOS
2018-01-05,AME,EME,AME-EME
2018-01-05,AME,LHX,AME-LHX
2018-01-05,AOS,ETN,AOS-ETN
2018-01-05,APD,CRH,APD-CRH
2018-01-05,APH,FLEX,APH-FLEX
2018-01-05,AVB,ESS,AVB-ESS
2018-01-05,BAC,BNY,BAC-BNY
2018-01-05,BDX,BSX,BDX-BSX
2018-01-05,BRO,L,BRO-L
2018-01-05,C,GS,C-GS
2018-01-05,C,HIG,C-HIG
2018-01-05,C,JPM,C-JPM
2018-01-05,C,MET,C-MET
2018-01-05,C,PRU,C-PRU
2018-01-05,CFG,PRU,CFG-PRU
2018-01-05,CMS,ES,CMS-ES
2018-01-05,CMS,PCG,CMS-PCG
2018-01-05,CMS,XEL,CMS-XEL
2018-01-05,COF,MET,COF-MET
2018-01-05,CPT,EQR,CPT-EQR
2018-01-05,DE,HON,DE-HON
2018-01-05,DOV,ETN,DOV-ETN
2018-01-05,DOV,ROK,DOV-ROK
2018-01-05,DOV,TDG,DOV-TDG
2018-01-05,DTE,EIX,DTE-EIX
2018-01-05,DTE,ES,DTE-ES
2018-01-05,DUK,ED,DUK-ED
2018-01-05,EG,L,EG-L
2018-01-05,EMR,ETN,EMR-ETN
2018-01-05,ES,PNW,ES-PNW
2018-01-05,ESS,UDR,ESS-UDR
2018-01-05,EXPD,UPS,EXPD-UPS
2018-01-05,FDX,MAS,FDX-MAS
2018-01-05,FITB,PRU,FITB-PRU
2018-01-05,FRT,SPG,FRT-SPG
2018-01-05,GE,WAB,GE-WAB
2018-01-05,HBAN,PFG,HBAN-PFG
2018-01-05,HBAN,SCHW,HBAN-SCHW
2018-01-05,HON,JBHT,HON-JBHT
2018-01-05,HON,RTX,HON-RTX
2018-01-05,HUBB,SWK,HUBB-SWK
2018-01-05,J,PCAR,J-PCAR
2018-01-05,JBHT,JCI,JBHT-JCI
2018-01-05,JCI,PNR,JCI-PNR
2018-01-05,JCI,WAB,JCI-WAB
2018-01-05,KEY,SCHW,KEY-SCHW
2018-01-05,KIM,REG,KIM-REG
2018-01-05,L,PGR,L-PGR
2018-01-05,L,PNC,L-PNC
2018-01-05,L,TRV,L-TRV
2018-01-05,L,WFC,L-WFC
2018-01-05,LIN,PPG,LIN-PPG
2018-01-05,MKC,SYY,MKC-SYY
2018-01-05,MMM,WM,MMM-WM
2018-01-05,MSCI,SCHW,MSCI-SCHW
2018-01-05,MTB,RJF,MTB-RJF
2018-01-05,NI,SRE,NI-SRE
2018-01-05,NOC,PNR,NOC-PNR
2018-01-05,NTRS,PRU,NTRS-PRU
2018-01-05,NTRS,RJF,NTRS-RJF
2018-01-05,NUE,STLD,NUE-STLD
2018-01-05,NVDA,TER,NVDA-TER
2018-01-05,O,VTR,O-VTR
2018-01-05,PEG,SO,PEG-SO
2018-01-05,PH,UPS,PH-UPS
2018-01-05,RJF,TFC,RJF-TFC
2018-01-05,TDY,TER,TDY-TER
2018-01-05,TXT,WAB,TXT-WAB
2018-07-09,ADI,IBM,ADI-IBM
2018-07-09,AEP,ED,AEP-ED
2018-07-09,AIG,BRO,AIG-BRO
2018-07-09,AIG,FISV,AIG-FISV
2018-07-09,AIG,IVZ,AIG-IVZ
2018-07-09,AIG,L,AIG-L
2018-07-09,ALL,MET,ALL-MET
2018-07-09,ALLE,AOS,ALLE-AOS
2018-07-09,AME,EME,AME-EME
2018-07-09,AME,LHX,AME-LHX
2018-07-09,AON,WTW,AON-WTW
2018-07-09,AOS,ETN,AOS-ETN
2018-07-09,APD,CRH,APD-CRH
2018-07-09,APH,FLEX,APH-FLEX
2018-07-09,ATO,XEL,ATO-XEL
2018-07-09,AVB,ESS,AVB-ESS
2018-07-09,BAC,BNY,BAC-BNY
2018-07-09,BDX,BSX,BDX-BSX
2018-07-09,BRO,L,BRO-L
2018-07-09,C,GS,C-GS
2018-07-09,C,HIG,C-HIG
2018-07-09,C,JPM,C-JPM
2018-07-09,C,MET,C-MET
2018-07-09,C,PRU,C-PRU
2018-07-09,CFG,PRU,CFG-PRU
2018-07-09,CMS,ES,CMS-ES
2018-07-09,CMS,PCG,CMS-PCG
2018-07-09,CMS,XEL,CMS-XEL
2018-07-09,COF,MET,COF-MET
2018-07-09,COP,CVX,COP-CVX
2018-07-09,CPT,EQR,CPT-EQR
2018-07-09,CPT,PLD,CPT-PLD
2018-07-09,DE,HON,DE-HON
2018-07-09,DOV,ETN,DOV-ETN
2018-07-09,DOV,ROK,DOV-ROK
2018-07-09,DOV,TDG,DOV-TDG
2018-07-09,DTE,EIX,DTE-EIX
2018-07-09,DTE,ES,DTE-ES
2018-07-09,DUK,ED,DUK-ED
2018-07-09,EG,L,EG-L
2018-07-09,EMR,ETN,EMR-ETN
2018-07-09,ES,PNW,ES-PNW
2018-07-09,ESS,UDR,ESS-UDR
2018-07-09,EXPD,UPS,EXPD-UPS
2018-07-09,FDX,MAS,FDX-MAS
2018-07-09,FITB,PRU,FITB-PRU
2018-07-09,FRT,SPG,FRT-SPG
2018-07-09,GE,WAB,GE-WAB
2018-07-09,HBAN,PFG,HBAN-PFG
2018-07-09,HBAN,SCHW,HBAN-SCHW
2018-07-09,HON,JBHT,HON-JBHT
2018-07-09,HON,RTX,HON-RTX
2018-07-09,HUBB,SWK,HUBB-SWK
2018-07-09,J,PCAR,J-PCAR
2018-07-09,JBHT,JCI,JBHT-JCI
2018-07-09,JCI,PNR,JCI-PNR
2018-07-09,JCI,WAB,JCI-WAB
2018-07-09,KEY,SCHW,KEY-SCHW
2018-07-09,KIM,REG,KIM-REG
2018-07-09,L,PGR,L-PGR
2018-07-09,L,PNC,L-PNC
2018-07-09,L,TRV,L-TRV
2018-07-09,L,WFC,L-WFC
2018-07-09,LIN,PPG,LIN-PPG
2018-07-09,MKC,SYY,MKC-SYY
2018-07-09,MMM,WM,MMM-WM
2018-07-09,MSCI,SCHW,MSCI-SCHW
2018-07-09,MTB,RJF,MTB-RJF
2018-07-09,NI,SRE,NI-SRE
2018-07-09,NOC,PNR,NOC-PNR
2018-07-09,NTRS,PRU,NTRS-PRU
2018-07-09,NTRS,RJF,NTRS-RJF
2018-07-09,NUE,STLD,NUE-STLD
2018-07-09,NVDA,TER,NVDA-TER
2018-07-09,O,VTR,O-VTR
2018-07-09,PEG,SO,PEG-SO
2018-07-09,PH,UPS,PH-UPS
2018-07-09,RJF,TFC,RJF-TFC
2018-07-09,TDY,TER,TDY-TER
2018-07-09,TXT,WAB,TXT-WAB
2019-01-08,ADI,IBM,ADI-IBM
2019-01-08,AEP,ED,AEP-ED
2019-01-08,AIG,BRO,AIG-BRO
2019-01-08,AIG,FISV,AIG-FISV
2019-01-08,AIG,IVZ,AIG-IVZ
2019-01-08,AIG,L,AIG-L
2019-01-08,ALL,MET,ALL-MET
2019-01-08,ALLE,AOS,ALLE-AOS
2019-01-08,AME,AOS,AME-AOS
2019-01-08,AME,EME,AME-EME
2019-01-08,AME,LHX,AME-LHX
2019-01-08,AON,WTW,AON-WTW
2019-01-08,AOS,ETN,AOS-ETN
2019-01-08,APD,CRH,APD-CRH
2019-01-08,APH,FLEX,APH-FLEX
2019-01-08,ATO,XEL,ATO-XEL
2019-01-08,AVB,ESS,AVB-ESS
2019-01-08,BAC,BNY,BAC-BNY
2019-01-08,BDX,BSX,BDX-BSX
2019-01-08,BRO,L,BRO-L
2019-01-08,C,GS,C-GS
2019-01-08,C,HIG,C-HIG
2019-01-08,C,JPM,C-JPM
2019-01-08,C,MET,C-MET
2019-01-08,C,PRU,C-PRU
2019-01-08,CCI,SBAC,CCI-SBAC
2019-01-08,CFG,PRU,CFG-PRU
2019-01-08,CMS,ES,CMS-ES
2019-01-08,CMS,PCG,CMS-PCG
2019-01-08,CMS,XEL,CMS-XEL
2019-01-08,COF,MET,COF-MET
2019-01-08,COP,CVX,COP-CVX
2019-01-08,CPT,EQR,CPT-EQR
2019-01-08,CPT,PLD,CPT-PLD
2019-01-08,DE,HON,DE-HON
2019-01-08,DOV,ETN,DOV-ETN
2019-01-08,DOV,ROK,DOV-ROK
2019-01-08,DOV,TDG,DOV-TDG
2019-01-08,DTE,EIX,DTE-EIX
2019-01-08,DTE,ES,DTE-ES
2019-01-08,DUK,ED,DUK-ED
2019-01-08,EG,L,EG-L
2019-01-08,EMR,ETN,EMR-ETN
2019-01-08,ES,PNW,ES-PNW
2019-01-08,ESS,UDR,ESS-UDR
2019-01-08,EXPD,UPS,EXPD-UPS
2019-01-08,FDX,MAS,FDX-MAS
2019-01-08,FITB,PRU,FITB-PRU
2019-01-08,FRT,SPG,FRT-SPG
2019-01-08,GE,WAB,GE-WAB
2019-01-08,HBAN,PFG,HBAN-PFG
2019-01-08,HBAN,SCHW,HBAN-SCHW
2019-01-08,HON,JBHT,HON-JBHT
2019-01-08,HON,RTX,HON-RTX
2019-01-08,HUBB,SWK,HUBB-SWK
2019-01-08,J,PCAR,J-PCAR
2019-01-08,JBHT,JCI,JBHT-JCI
2019-01-08,JCI,PNR,JCI-PNR
2019-01-08,JCI,WAB,JCI-WAB
2019-01-08,KEY,SCHW,KEY-SCHW
2019-01-08,KIM,REG,KIM-REG
2019-01-08,L,PGR,L-PGR
2019-01-08,L,PNC,L-PNC
2019-01-08,L,TRV,L-TRV
2019-01-08,L,WFC,L-WFC
2019-01-08,LHX,NOC,LHX-NOC
2019-01-08,LIN,PPG,LIN-PPG
2019-01-08,MKC,SYY,MKC-SYY
2019-01-08,MMM,SWK,MMM-SWK
2019-01-08,MMM,WM,MMM-WM
2019-01-08,MS,PNC,MS-PNC
2019-01-08,MSCI,SCHW,MSCI-SCHW
2019-01-08,MTB,RJF,MTB-RJF
2019-01-08,NI,SRE,NI-SRE
2019-01-08,NOC,PNR,NOC-PNR
2019-01-08,NTRS,PRU,NTRS-PRU
2019-01-08,NTRS,RJF,NTRS-RJF
2019-01-08,NUE,STLD,NUE-STLD
2019-01-08,NVDA,TER,NVDA-TER
2019-01-08,O,VTR,O-VTR
2019-01-08,PEG,SO,PEG-SO
2019-01-08,PH,UPS,PH-UPS
2019-01-08,RJF,TFC,RJF-TFC
2019-01-08,TDY,TER,TDY-TER
2019-01-08,TXT,WAB,TXT-WAB
2019-07-10,ADI,IBM,ADI-IBM
2019-07-10,AEP,ED,AEP-ED
2019-07-10,AIG,BRO,AIG-BRO
2019-07-10,AIG,FISV,AIG-FISV
2019-07-10,AIG,IVZ,AIG-IVZ
2019-07-10,AIG,L,AIG-L
2019-07-10,ALL,MET,ALL-MET
2019-07-10,ALLE,AOS,ALLE-AOS
2019-07-10,AME,AOS,AME-AOS
2019-07-10,AME,EME,AME-EME
2019-07-10,AME,LHX,AME-LHX
2019-07-10,AON,WTW,AON-WTW
2019-07-10,AOS,ETN,AOS-ETN
2019-07-10,APD,CRH,APD-CRH
2019-07-10,APH,FLEX,APH-FLEX
2019-07-10,ATO,XEL,ATO-XEL
2019-07-10,AVB,ESS,AVB-ESS
2019-07-10,BAC,BNY,BAC-BNY
2019-07-10,BDX,BSX,BDX-BSX
2019-07-10,BRO,L,BRO-L
2019-07-10,C,GS,C-GS
2019-07-10,C,HIG,C-HIG
2019-07-10,C,JPM,C-JPM
2019-07-10,C,MET,C-MET
2019-07-10,C,PRU,C-PRU
2019-07-10,CCI,SBAC,CCI-SBAC
2019-07-10,CFG,PRU,CFG-PRU
2019-07-10,CMS,ES,CMS-ES
2019-07-10,CMS,PCG,CMS-PCG
2019-07-10,CMS,XEL,CMS-XEL
2019-07-10,COF,MET,COF-MET
2019-07-10,COP,CVX,COP-CVX
2019-07-10,CPT,EQR,CPT-EQR
2019-07-10,CPT,PLD,CPT-PLD
2019-07-10,DE,HON,DE-HON
2019-07-10,DOV,ETN,DOV-ETN
2019-07-10,DOV,ROK,DOV-ROK
2019-07-10,DOV,TDG,DOV-TDG
2019-07-10,DTE,EIX,DTE-EIX
2019-07-10,DTE,ES,DTE-ES
2019-07-10,DUK,ED,DUK-ED
2019-07-10,EG,L,EG-L
2019-07-10,EMR,ETN,EMR-ETN
2019-07-10,ES,PNW,ES-PNW
2019-07-10,ESS,UDR,ESS-UDR
2019-07-10,EXPD,UPS,EXPD-UPS
2019-07-10,FDX,MAS,FDX-MAS
2019-07-10,FIS,V,FIS-V
2019-07-10,FITB,MS,FITB-MS
2019-07-10,FITB,PRU,FITB-PRU
2019-07-10,FRT,SPG,FRT-SPG
2019-07-10,GDDY,PTC,GDDY-PTC
2019-07-10,GE,WAB,GE-WAB
2019-07-10,HBAN,PFG,HBAN-PFG
2019-07-10,HBAN,SCHW,HBAN-SCHW
2019-07-10,HON,JBHT,HON-JBHT
2019-07-10,HON,RTX,HON-RTX
2019-07-10,HUBB,SWK,HUBB-SWK
2019-07-10,J,PCAR,J-PCAR
2019-07-10,JBHT,JCI,JBHT-JCI
2019-07-10,JCI,PNR,JCI-PNR
2019-07-10,JCI,WAB,JCI-WAB
2019-07-10,KEY,SCHW,KEY-SCHW
2019-07-10,KIM,REG,KIM-REG
2019-07-10,L,MS,L-MS
2019-07-10,L,PGR,L-PGR
2019-07-10,L,PNC,L-PNC
2019-07-10,L,TRV,L-TRV
2019-07-10,L,WFC,L-WFC
2019-07-10,LHX,NOC,LHX-NOC
2019-07-10,LIN,PPG,LIN-PPG
2019-07-10,MKC,SYY,MKC-SYY
2019-07-10,MMM,SWK,MMM-SWK
2019-07-10,MMM,WM,MMM-WM
2019-07-10,MS,PNC,MS-PNC
2019-07-10,MSCI,SCHW,MSCI-SCHW
2019-07-10,MTB,RJF,MTB-RJF
2019-07-10,NI,SRE,NI-SRE
2019-07-10,NOC,PNR,NOC-PNR
2019-07-10,NTRS,PRU,NTRS-PRU
2019-07-10,NTRS,RJF,NTRS-RJF
2019-07-10,NUE,STLD,NUE-STLD
2019-07-10,NVDA,TER,NVDA-TER
2019-07-10,O,VTR,O-VTR
2019-07-10,PEG,SO,PEG-SO
2019-07-10,PH,UPS,PH-UPS
2019-07-10,RJF,TFC,RJF-TFC
2019-07-10,TDY,TER,TDY-TER
2019-07-10,TXT,WAB,TXT-WAB
2020-01-08,ADI,IBM,ADI-IBM
2020-01-08,AEP,ED,AEP-ED
2020-01-08,AEP,XEL,AEP-XEL
2020-01-08,AIG,BRO,AIG-BRO
2020-01-08,AIG,FISV,AIG-FISV
2020-01-08,AIG,IVZ,AIG-IVZ
2020-01-08,AIG,L,AIG-L
2020-01-08,ALL,MET,ALL-MET
2020-01-08,ALLE,AOS,ALLE-AOS
2020-01-08,AME,AOS,AME-AOS
2020-01-08,AME,EME,AME-EME
2020-01-08,AME,LHX,AME-LHX
2020-01-08,AON,WTW,AON-WTW
2020-01-08,AOS,ETN,AOS-ETN
2020-01-08,APD,CRH,APD-CRH
2020-01-08,APH,FLEX,APH-FLEX
2020-01-08,ATO,XEL,ATO-XEL
2020-01-08,AVB,ESS,AVB-ESS
2020-01-08,BAC,BNY,BAC-BNY
2020-01-08,BDX,BSX,BDX-BSX
2020-01-08,BRO,L,BRO-L
2020-01-08,C,GS,C-GS
2020-01-08,C,HIG,C-HIG
2020-01-08,C,JPM,C-JPM
2020-01-08,C,MET,C-MET
2020-01-08,C,PRU,C-PRU
2020-01-08,CCI,SBAC,CCI-SBAC
2020-01-08,CFG,PRU,CFG-PRU
2020-01-08,CMS,ES,CMS-ES
2020-01-08,CMS,PCG,CMS-PCG
2020-01-08,CMS,XEL,CMS-XEL
2020-01-08,COF,MET,COF-MET
2020-01-08,COP,CVX,COP-CVX
2020-01-08,CPT,EQR,CPT-EQR
2020-01-08,CPT,PLD,CPT-PLD
2020-01-08,DE,HON,DE-HON
2020-01-08,DOV,ETN,DOV-ETN
2020-01-08,DOV,ROK,DOV-ROK
2020-01-08,DOV,TDG,DOV-TDG
2020-01-08,DTE,EIX,DTE-EIX
2020-01-08,DTE,ES,DTE-ES
2020-01-08,DUK,ED,DUK-ED
2020-01-08,EG,L,EG-L
2020-01-08,EMR,ETN,EMR-ETN
2020-01-08,ES,PNW,ES-PNW
2020-01-08,ESS,UDR,ESS-UDR
2020-01-08,EXPD,UPS,EXPD-UPS
2020-01-08,FDX,MAS,FDX-MAS
2020-01-08,FIS,V,FIS-V
2020-01-08,FISV,MA,FISV-MA
2020-01-08,FITB,MS,FITB-MS
2020-01-08,FITB,PRU,FITB-PRU
2020-01-08,FRT,SPG,FRT-SPG
2020-01-08,GDDY,PTC,GDDY-PTC
2020-01-08,GE,WAB,GE-WAB
2020-01-08,HBAN,PFG,HBAN-PFG
2020-01-08,HBAN,SCHW,HBAN-SCHW
2020-01-08,HON,JBHT,HON-JBHT
2020-01-08,HON,RTX,HON-RTX
2020-01-08,HUBB,SWK,HUBB-SWK
2020-01-08,J,PCAR,J-PCAR
2020-01-08,JBHT,JCI,JBHT-JCI
2020-01-08,JCI,PNR,JCI-PNR
2020-01-08,JCI,WAB,JCI-WAB
2020-01-08,KEY,SCHW,KEY-SCHW
2020-01-08,KIM,REG,KIM-REG
2020-01-08,L,MS,L-MS
2020-01-08,L,PGR,L-PGR
2020-01-08,L,PNC,L-PNC
2020-01-08,L,TRV,L-TRV
2020-01-08,L,WFC,L-WFC
2020-01-08,LHX,NOC,LHX-NOC
2020-01-08,LIN,PPG,LIN-PPG
2020-01-08,MKC,SYY,MKC-SYY
2020-01-08,MLM,VMC,MLM-VMC
2020-01-08,MMM,SWK,MMM-SWK
2020-01-08,MMM,WM,MMM-WM
2020-01-08,MS,PNC,MS-PNC
2020-01-08,MSCI,SCHW,MSCI-SCHW
2020-01-08,MTB,RJF,MTB-RJF
2020-01-08,NI,SRE,NI-SRE
2020-01-08,NOC,PNR,NOC-PNR
2020-01-08,NTRS,PRU,NTRS-PRU
2020-01-08,NTRS,RJF,NTRS-RJF
2020-01-08,NUE,STLD,NUE-STLD
2020-01-08,NVDA,TER,NVDA-TER
2020-01-08,O,VTR,O-VTR
2020-01-08,PEG,SO,PEG-SO
2020-01-08,PH,UPS,PH-UPS
2020-01-08,RJF,TFC,RJF-TFC
2020-01-08,TDY,TER,TDY-TER
2020-01-08,TXT,WAB,TXT-WAB
2020-07-09,ADI,IBM,ADI-IBM
2020-07-09,AEP,ED,AEP-ED
2020-07-09,AEP,XEL,AEP-XEL
2020-07-09,AIG,BRO,AIG-BRO
2020-07-09,AIG,FISV,AIG-FISV
2020-07-09,AIG,IVZ,AIG-IVZ
2020-07-09,AIG,L,AIG-L
2020-07-09,ALL,MET,ALL-MET
2020-07-09,ALLE,AOS,ALLE-AOS
2020-07-09,AME,AOS,AME-AOS
2020-07-09,AME,EME,AME-EME
2020-07-09,AME,LHX,AME-LHX
2020-07-09,AON,WTW,AON-WTW
2020-07-09,AOS,ETN,AOS-ETN
2020-07-09,APD,CRH,APD-CRH
2020-07-09,APH,FLEX,APH-FLEX
2020-07-09,ATO,XEL,ATO-XEL
2020-07-09,AVB,ESS,AVB-ESS
2020-07-09,BAC,BNY,BAC-BNY
2020-07-09,BDX,BSX,BDX-BSX
2020-07-09,BRO,L,BRO-L
2020-07-09,C,GS,C-GS
2020-07-09,C,HIG,C-HIG
2020-07-09,C,JPM,C-JPM
2020-07-09,C,MET,C-MET
2020-07-09,C,PRU,C-PRU
2020-07-09,CCI,SBAC,CCI-SBAC
2020-07-09,CFG,PRU,CFG-PRU
2020-07-09,CMS,ES,CMS-ES
2020-07-09,CMS,FE,CMS-FE
2020-07-09,CMS,PCG,CMS-PCG
2020-07-09,CMS,XEL,CMS-XEL
2020-07-09,COF,MET,COF-MET
2020-07-09,COP,CVX,COP-CVX
2020-07-09,CPT,EQR,CPT-EQR
2020-07-09,CPT,PLD,CPT-PLD
2020-07-09,DE,HON,DE-HON
2020-07-09,DOV,ETN,DOV-ETN
2020-07-09,DOV,ROK,DOV-ROK
2020-07-09,DOV,TDG,DOV-TDG
2020-07-09,DTE,EIX,DTE-EIX
2020-07-09,DTE,ES,DTE-ES
2020-07-09,DUK,ED,DUK-ED
2020-07-09,EG,L,EG-L
2020-07-09,EMR,ETN,EMR-ETN
2020-07-09,ES,PNW,ES-PNW
2020-07-09,ESS,UDR,ESS-UDR
2020-07-09,ETR,NEE,ETR-NEE
2020-07-09,EXPD,UPS,EXPD-UPS
2020-07-09,FDX,MAS,FDX-MAS
2020-07-09,FE,LNT,FE-LNT
2020-07-09,FIS,V,FIS-V
2020-07-09,FISV,MA,FISV-MA
2020-07-09,FITB,MS,FITB-MS
2020-07-09,FITB,PRU,FITB-PRU
2020-07-09,FRT,SPG,FRT-SPG
2020-07-09,GDDY,PTC,GDDY-PTC
2020-07-09,GE,WAB,GE-WAB
2020-07-09,GL,JPM,GL-JPM
2020-07-09,HBAN,PFG,HBAN-PFG
2020-07-09,HBAN,SCHW,HBAN-SCHW
2020-07-09,HON,JBHT,HON-JBHT
2020-07-09,HON,RTX,HON-RTX
2020-07-09,HUBB,SWK,HUBB-SWK
2020-07-09,J,PCAR,J-PCAR
2020-07-09,JBHT,JCI,JBHT-JCI
2020-07-09,JCI,PNR,JCI-PNR
2020-07-09,JCI,WAB,JCI-WAB
2020-07-09,KEY,SCHW,KEY-SCHW
2020-07-09,KIM,REG,KIM-REG
2020-07-09,L,MS,L-MS
2020-07-09,L,PGR,L-PGR
2020-07-09,L,PNC,L-PNC
2020-07-09,L,TRV,L-TRV
2020-07-09,L,WFC,L-WFC
2020-07-09,LHX,NOC,LHX-NOC
2020-07-09,LIN,PPG,LIN-PPG
2020-07-09,MKC,SYY,MKC-SYY
2020-07-09,MLM,VMC,MLM-VMC
2020-07-09,MMM,SWK,MMM-SWK
2020-07-09,MMM,WM,MMM-WM
2020-07-09,MS,PNC,MS-PNC
2020-07-09,MSCI,SCHW,MSCI-SCHW
2020-07-09,MTB,RJF,MTB-RJF
2020-07-09,NI,SRE,NI-SRE
2020-07-09,NOC,PNR,NOC-PNR
2020-07-09,NTRS,PRU,NTRS-PRU
2020-07-09,NTRS,RJF,NTRS-RJF
2020-07-09,NUE,STLD,NUE-STLD
2020-07-09,NVDA,TER,NVDA-TER
2020-07-09,O,VTR,O-VTR
2020-07-09,PEG,SO,PEG-SO
2020-07-09,PH,UPS,PH-UPS
2020-07-09,RJF,TFC,RJF-TFC
2020-07-09,TDY,TER,TDY-TER
2020-07-09,TXT,WAB,TXT-WAB
2021-01-07,ADI,IBM,ADI-IBM
2021-01-07,ADI,ROP,ADI-ROP
2021-01-07,AEP,ED,AEP-ED
2021-01-07,AEP,XEL,AEP-XEL
2021-01-07,AIG,BRO,AIG-BRO
2021-01-07,AIG,FISV,AIG-FISV
2021-01-07,AIG,IVZ,AIG-IVZ
2021-01-07,AIG,L,AIG-L
2021-01-07,ALL,MET,ALL-MET
2021-01-07,ALLE,AOS,ALLE-AOS
2021-01-07,AME,AOS,AME-AOS
2021-01-07,AME,EME,AME-EME
2021-01-07,AME,LHX,AME-LHX
2021-01-07,AON,WTW,AON-WTW
2021-01-07,AOS,ETN,AOS-ETN
2021-01-07,APD,CRH,APD-CRH
2021-01-07,APH,FLEX,APH-FLEX
2021-01-07,ATO,XEL,ATO-XEL
2021-01-07,AVB,ESS,AVB-ESS
2021-01-07,BAC,BNY,BAC-BNY
2021-01-07,BDX,BSX,BDX-BSX
2021-01-07,BRO,L,BRO-L
2021-01-07,C,GS,C-GS
2021-01-07,C,HIG,C-HIG
2021-01-07,C,JPM,C-JPM
2021-01-07,C,MET,C-MET
2021-01-07,C,PRU,C-PRU
2021-01-07,CCI,SBAC,CCI-SBAC
2021-01-07,CFG,PRU,CFG-PRU
2021-01-07,CMS,ES,CMS-ES
2021-01-07,CMS,FE,CMS-FE
2021-01-07,CMS,PCG,CMS-PCG
2021-01-07,CMS,XEL,CMS-XEL
2021-01-07,COF,MET,COF-MET
2021-01-07,COF,RJF,COF-RJF
2021-01-07,COP,CVX,COP-CVX
2021-01-07,CPT,EQR,CPT-EQR
2021-01-07,CPT,EXR,CPT-EXR
2021-01-07,CPT,PLD,CPT-PLD
2021-01-07,DE,HON,DE-HON
2021-01-07,DOV,ETN,DOV-ETN
2021-01-07,DOV,ROK,DOV-ROK
2021-01-07,DOV,TDG,DOV-TDG
2021-01-07,DTE,EIX,DTE-EIX
2021-01-07,DTE,ES,DTE-ES
2021-01-07,DUK,ED,DUK-ED
2021-01-07,EG,L,EG-L
2021-01-07,EMR,ETN,EMR-ETN
2021-01-07,ES,PNW,ES-PNW
2021-01-07,ESS,UDR,ESS-UDR
2021-01-07,ETR,NEE,ETR-NEE
2021-01-07,EXPD,PWR,EXPD-PWR
2021-01-07,EXPD,UPS,EXPD-UPS
2021-01-07,FDX,MAS,FDX-MAS
2021-01-07,FE,LNT,FE-LNT
2021-01-07,FIS,V,FIS-V
2021-01-07,FISV,MA,FISV-MA
2021-01-07,FITB,MS,FITB-MS
2021-01-07,FITB,PRU,FITB-PRU
2021-01-07,FRT,SPG,FRT-SPG
2021-01-07,GDDY,PTC,GDDY-PTC
2021-01-07,GE,WAB,GE-WAB
2021-01-07,GL,JPM,GL-JPM
2021-01-07,GPN,MA,GPN-MA
2021-01-07,HBAN,PFG,HBAN-PFG
2021-01-07,HBAN,SCHW,HBAN-SCHW
2021-01-07,HON,JBHT,HON-JBHT
2021-01-07,HON,RTX,HON-RTX
2021-01-07,HUBB,SWK,HUBB-SWK
2021-01-07,J,PCAR,J-PCAR
2021-01-07,JBHT,JCI,JBHT-JCI
2021-01-07,JCI,PNR,JCI-PNR
2021-01-07,JCI,WAB,JCI-WAB
2021-01-07,KEY,SCHW,KEY-SCHW
2021-01-07,KIM,REG,KIM-REG
2021-01-07,L,MS,L-MS
2021-01-07,L,PGR,L-PGR
2021-01-07,L,PNC,L-PNC
2021-01-07,L,TRV,L-TRV
2021-01-07,L,WFC,L-WFC
2021-01-07,LHX,NOC,LHX-NOC
2021-01-07,LIN,PPG,LIN-PPG
2021-01-07,MKC,SYY,MKC-SYY
2021-01-07,MLM,VMC,MLM-VMC
2021-01-07,MMM,SWK,MMM-SWK
2021-01-07,MMM,WM,MMM-WM
2021-01-07,MS,PNC,MS-PNC
2021-01-07,MSCI,SCHW,MSCI-SCHW
2021-01-07,MTB,RJF,MTB-RJF
2021-01-07,NI,SRE,NI-SRE
2021-01-07,NOC,PNR,NOC-PNR
2021-01-07,NTRS,PRU,NTRS-PRU
2021-01-07,NTRS,RJF,NTRS-RJF
2021-01-07,NUE,STLD,NUE-STLD
2021-01-07,NVDA,TER,NVDA-TER
2021-01-07,O,VTR,O-VTR
2021-01-07,PEG,SO,PEG-SO
2021-01-07,PH,UPS,PH-UPS
2021-01-07,RJF,TFC,RJF-TFC
2021-01-07,TDY,TER,TDY-TER
2021-01-07,TXT,WAB,TXT-WAB
2021-07-09,ADI,IBM,ADI-IBM
2021-07-09,ADI,ROP,ADI-ROP
2021-07-09,AEP,ED,AEP-ED
2021-07-09,AEP,XEL,AEP-XEL
2021-07-09,AIG,BRO,AIG-BRO
2021-07-09,AIG,FISV,AIG-FISV
2021-07-09,AIG,IVZ,AIG-IVZ
2021-07-09,AIG,L,AIG-L
2021-07-09,ALL,MET,ALL-MET
2021-07-09,ALLE,AOS,ALLE-AOS
2021-07-09,AME,AOS,AME-AOS
2021-07-09,AME,EME,AME-EME
2021-07-09,AME,LHX,AME-LHX
2021-07-09,AON,GPN,AON-GPN
2021-07-09,AON,WTW,AON-WTW
2021-07-09,AOS,ETN,AOS-ETN
2021-07-09,APD,CRH,APD-CRH
2021-07-09,APH,FLEX,APH-FLEX
2021-07-09,ATO,XEL,ATO-XEL
2021-07-09,AVB,ESS,AVB-ESS
2021-07-09,BAC,BNY,BAC-BNY
2021-07-09,BDX,BSX,BDX-BSX
2021-07-09,BRO,L,BRO-L
2021-07-09,C,GS,C-GS
2021-07-09,C,HIG,C-HIG
2021-07-09,C,JPM,C-JPM
2021-07-09,C,MET,C-MET
2021-07-09,C,PRU,C-PRU
2021-07-09,CCI,SBAC,CCI-SBAC
2021-07-09,CFG,PRU,CFG-PRU
2021-07-09,CMS,ES,CMS-ES
2021-07-09,CMS,FE,CMS-FE
2021-07-09,CMS,PCG,CMS-PCG
2021-07-09,CMS,XEL,CMS-XEL
2021-07-09,COF,MET,COF-MET
2021-07-09,COF,RJF,COF-RJF
2021-07-09,COP,CVX,COP-CVX
2021-07-09,CPT,EQR,CPT-EQR
2021-07-09,CPT,EXR,CPT-EXR
2021-07-09,CPT,PLD,CPT-PLD
2021-07-09,DE,HON,DE-HON
2021-07-09,DHR,TMO,DHR-TMO
2021-07-09,DOV,ETN,DOV-ETN
2021-07-09,DOV,ROK,DOV-ROK
2021-07-09,DOV,TDG,DOV-TDG
2021-07-09,DTE,EIX,DTE-EIX
2021-07-09,DTE,ES,DTE-ES
2021-07-09,DUK,ED,DUK-ED
2021-07-09,EG,L,EG-L
2021-07-09,EMR,ETN,EMR-ETN
2021-07-09,ES,PNW,ES-PNW
2021-07-09,ESS,UDR,ESS-UDR
2021-07-09,ETR,NEE,ETR-NEE
2021-07-09,EXPD,PWR,EXPD-PWR
2021-07-09,EXPD,UPS,EXPD-UPS
2021-07-09,FDX,MAS,FDX-MAS
2021-07-09,FE,LNT,FE-LNT
2021-07-09,FIS,V,FIS-V
2021-07-09,FISV,MA,FISV-MA
2021-07-09,FITB,MS,FITB-MS
2021-07-09,FITB,PRU,FITB-PRU
2021-07-09,FRT,SPG,FRT-SPG
2021-07-09,GDDY,PTC,GDDY-PTC
2021-07-09,GE,WAB,GE-WAB
2021-07-09,GL,JPM,GL-JPM
2021-07-09,GPN,MA,GPN-MA
2021-07-09,HBAN,PFG,HBAN-PFG
2021-07-09,HBAN,SCHW,HBAN-SCHW
2021-07-09,HON,JBHT,HON-JBHT
2021-07-09,HON,RTX,HON-RTX
2021-07-09,HUBB,SWK,HUBB-SWK
2021-07-09,J,PCAR,J-PCAR
2021-07-09,JBHT,JCI,JBHT-JCI
2021-07-09,JCI,PNR,JCI-PNR
2021-07-09,JCI,WAB,JCI-WAB
2021-07-09,KEY,SCHW,KEY-SCHW
2021-07-09,KIM,REG,KIM-REG
2021-07-09,KKR,TROW,KKR-TROW
2021-07-09,L,MS,L-MS
2021-07-09,L,PGR,L-PGR
2021-07-09,L,PNC,L-PNC
2021-07-09,L,TRV,L-TRV
2021-07-09,L,WFC,L-WFC
2021-07-09,LHX,NOC,LHX-NOC
2021-07-09,LIN,PPG,LIN-PPG
2021-07-09,MA,WTW,MA-WTW
2021-07-09,MKC,SYY,MKC-SYY
2021-07-09,MLM,VMC,MLM-VMC
2021-07-09,MMM,SWK,MMM-SWK
2021-07-09,MMM,WM,MMM-WM
2021-07-09,MS,PNC,MS-PNC
2021-07-09,MSCI,SCHW,MSCI-SCHW
2021-07-09,MTB,RJF,MTB-RJF
2021-07-09,NI,SRE,NI-SRE
2021-07-09,NOC,PNR,NOC-PNR
2021-07-09,NTRS,PRU,NTRS-PRU
2021-07-09,NTRS,RJF,NTRS-RJF
2021-07-09,NUE,STLD,NUE-STLD
2021-07-09,NVDA,TER,NVDA-TER
2021-07-09,O,VTR,O-VTR
2021-07-09,PEG,SO,PEG-SO
2021-07-09,PH,UPS,PH-UPS
2021-07-09,RJF,TFC,RJF-TFC
2021-07-09,TDY,TER,TDY-TER
2021-07-09,TXT,WAB,TXT-WAB
2021-07-09,V,WTW,V-WTW
2022-01-06,ADI,IBM,ADI-IBM
2022-01-06,ADI,ROP,ADI-ROP
2022-01-06,AEP,ED,AEP-ED
2022-01-06,AEP,XEL,AEP-XEL
2022-01-06,AFL,USB,AFL-USB
2022-01-06,AIG,BRO,AIG-BRO
2022-01-06,AIG,FISV,AIG-FISV
2022-01-06,AIG,IVZ,AIG-IVZ
2022-01-06,AIG,L,AIG-L
2022-01-06,ALL,MET,ALL-MET
2022-01-06,ALLE,AOS,ALLE-AOS
2022-01-06,AME,AOS,AME-AOS
2022-01-06,AME,EME,AME-EME
2022-01-06,AME,LHX,AME-LHX
2022-01-06,AON,GPN,AON-GPN
2022-01-06,AON,WTW,AON-WTW
2022-01-06,AOS,ETN,AOS-ETN
2022-01-06,APD,CRH,APD-CRH
2022-01-06,APH,FLEX,APH-FLEX
2022-01-06,ATO,XEL,ATO-XEL
2022-01-06,AVB,ESS,AVB-ESS
2022-01-06,BAC,BNY,BAC-BNY
2022-01-06,BDX,BSX,BDX-BSX
2022-01-06,BRO,L,BRO-L
2022-01-06,C,GS,C-GS
2022-01-06,C,HIG,C-HIG
2022-01-06,C,JPM,C-JPM
2022-01-06,C,MET,C-MET
2022-01-06,C,PRU,C-PRU
2022-01-06,CCI,SBAC,CCI-SBAC
2022-01-06,CFG,PRU,CFG-PRU
2022-01-06,CMS,ES,CMS-ES
2022-01-06,CMS,FE,CMS-FE
2022-01-06,CMS,PCG,CMS-PCG
2022-01-06,CMS,XEL,CMS-XEL
2022-01-06,COF,MET,COF-MET
2022-01-06,COF,RJF,COF-RJF
2022-01-06,COP,CVX,COP-CVX
2022-01-06,CPT,EQR,CPT-EQR
2022-01-06,CPT,EXR,CPT-EXR
2022-01-06,CPT,PLD,CPT-PLD
2022-01-06,DE,HON,DE-HON
2022-01-06,DHR,TMO,DHR-TMO
2022-01-06,DOV,ETN,DOV-ETN
2022-01-06,DOV,ROK,DOV-ROK
2022-01-06,DOV,TDG,DOV-TDG
2022-01-06,DTE,EIX,DTE-EIX
2022-01-06,DTE,ES,DTE-ES
2022-01-06,DUK,ED,DUK-ED
2022-01-06,EG,L,EG-L
2022-01-06,EMR,ETN,EMR-ETN
2022-01-06,ES,PNW,ES-PNW
2022-01-06,ESS,UDR,ESS-UDR
2022-01-06,ETR,NEE,ETR-NEE
2022-01-06,EXPD,PWR,EXPD-PWR
2022-01-06,EXPD,UPS,EXPD-UPS
2022-01-06,FDX,MAS,FDX-MAS
2022-01-06,FE,LNT,FE-LNT
2022-01-06,FIS,V,FIS-V
2022-01-06,FISV,MA,FISV-MA
2022-01-06,FITB,MS,FITB-MS
2022-01-06,FITB,PRU,FITB-PRU
2022-01-06,FRT,SPG,FRT-SPG
2022-01-06,GDDY,MPWR,GDDY-MPWR
2022-01-06,GDDY,PTC,GDDY-PTC
2022-01-06,GDDY,SNPS,GDDY-SNPS
2022-01-06,GE,WAB,GE-WAB
2022-01-06,GL,JPM,GL-JPM
2022-01-06,GPN,MA,GPN-MA
2022-01-06,HBAN,PFG,HBAN-PFG
2022-01-06,HBAN,SCHW,HBAN-SCHW
2022-01-06,HON,JBHT,HON-JBHT
2022-01-06,HON,RTX,HON-RTX
2022-01-06,HUBB,SWK,HUBB-SWK
2022-01-06,J,PCAR,J-PCAR
2022-01-06,JBHT,JCI,JBHT-JCI
2022-01-06,JCI,PNR,JCI-PNR
2022-01-06,JCI,WAB,JCI-WAB
2022-01-06,KEY,SCHW,KEY-SCHW
2022-01-06,KIM,REG,KIM-REG
2022-01-06,KKR,TROW,KKR-TROW
2022-01-06,KLAC,PTC,KLAC-PTC
2022-01-06,L,MS,L-MS
2022-01-06,L,PGR,L-PGR
2022-01-06,L,PNC,L-PNC
2022-01-06,L,TRV,L-TRV
2022-01-06,L,WFC,L-WFC
2022-01-06,LHX,NOC,LHX-NOC
2022-01-06,LIN,PPG,LIN-PPG
2022-01-06,MA,WTW,MA-WTW
2022-01-06,MKC,SYY,MKC-SYY
2022-01-06,MLM,VMC,MLM-VMC
2022-01-06,MMM,SWK,MMM-SWK
2022-01-06,MMM,WM,MMM-WM
2022-01-06,MS,PNC,MS-PNC
2022-01-06,MSCI,SCHW,MSCI-SCHW
2022-01-06,MTB,RJF,MTB-RJF
2022-01-06,NI,SRE,NI-SRE
2022-01-06,NOC,PNR,NOC-PNR
2022-01-06,NTRS,PRU,NTRS-PRU
2022-01-06,NTRS,RJF,NTRS-RJF
2022-01-06,NUE,STLD,NUE-STLD
2022-01-06,NVDA,TER,NVDA-TER
2022-01-06,O,VTR,O-VTR
2022-01-06,PEG,SO,PEG-SO
2022-01-06,PH,UPS,PH-UPS
2022-01-06,RJF,TFC,RJF-TFC
2022-01-06,TDY,TER,TDY-TER
2022-01-06,TXT,WAB,TXT-WAB
2022-01-06,V,WTW,V-WTW
2022-07-11,ADI,IBM,ADI-IBM
2022-07-11,ADI,ROP,ADI-ROP
2022-07-11,AEP,ED,AEP-ED
2022-07-11,AEP,XEL,AEP-XEL
2022-07-11,AFL,USB,AFL-USB
2022-07-11,AIG,BRO,AIG-BRO
2022-07-11,AIG,FISV,AIG-FISV
2022-07-11,AIG,IVZ,AIG-IVZ
2022-07-11,AIG,L,AIG-L
2022-07-11,ALL,MET,ALL-MET
2022-07-11,ALLE,AOS,ALLE-AOS
2022-07-11,AME,AOS,AME-AOS
2022-07-11,AME,EME,AME-EME
2022-07-11,AME,LHX,AME-LHX
2022-07-11,AON,GPN,AON-GPN
2022-07-11,AON,WTW,AON-WTW
2022-07-11,AOS,ETN,AOS-ETN
2022-07-11,APD,CRH,APD-CRH
2022-07-11,APH,FLEX,APH-FLEX
2022-07-11,ATO,XEL,ATO-XEL
2022-07-11,AVB,ESS,AVB-ESS
2022-07-11,BA,UAL,BA-UAL
2022-07-11,BAC,BNY,BAC-BNY
2022-07-11,BDX,BSX,BDX-BSX
2022-07-11,BEN,NTRS,BEN-NTRS
2022-07-11,BRO,L,BRO-L
2022-07-11,C,GS,C-GS
2022-07-11,C,HIG,C-HIG
2022-07-11,C,JPM,C-JPM
2022-07-11,C,MET,C-MET
2022-07-11,C,PRU,C-PRU
2022-07-11,CCI,SBAC,CCI-SBAC
2022-07-11,CFG,PRU,CFG-PRU
2022-07-11,CMS,ES,CMS-ES
2022-07-11,CMS,FE,CMS-FE
2022-07-11,CMS,PCG,CMS-PCG
2022-07-11,CMS,XEL,CMS-XEL
2022-07-11,COF,MET,COF-MET
2022-07-11,COF,RJF,COF-RJF
2022-07-11,COP,CVX,COP-CVX
2022-07-11,CPT,EQR,CPT-EQR
2022-07-11,CPT,EXR,CPT-EXR
2022-07-11,CPT,PLD,CPT-PLD
2022-07-11,DE,HON,DE-HON
2022-07-11,DHR,TMO,DHR-TMO
2022-07-11,DOC,WELL,DOC-WELL
2022-07-11,DOV,ETN,DOV-ETN
2022-07-11,DOV,ROK,DOV-ROK
2022-07-11,DOV,TDG,DOV-TDG
2022-07-11,DTE,EIX,DTE-EIX
2022-07-11,DTE,ES,DTE-ES
2022-07-11,DUK,ED,DUK-ED
2022-07-11,EG,L,EG-L
2022-07-11,EMR,ETN,EMR-ETN
2022-07-11,ES,NEE,ES-NEE
2022-07-11,ES,PNW,ES-PNW
2022-07-11,ESS,UDR,ESS-UDR
2022-07-11,ETR,NEE,ETR-NEE
2022-07-11,EXPD,PWR,EXPD-PWR
2022-07-11,EXPD,UPS,EXPD-UPS
2022-07-11,EXPE,GM,EXPE-GM
2022-07-11,FDX,MAS,FDX-MAS
2022-07-11,FE,LNT,FE-LNT
2022-07-11,FIS,V,FIS-V
2022-07-11,FISV,MA,FISV-MA
2022-07-11,FITB,MS,FITB-MS
2022-07-11,FITB,PRU,FITB-PRU
2022-07-11,FRT,SPG,FRT-SPG
2022-07-11,GDDY,MPWR,GDDY-MPWR
2022-07-11,GDDY,PTC,GDDY-PTC
2022-07-11,GDDY,SNPS,GDDY-SNPS
2022-07-11,GE,WAB,GE-WAB
2022-07-11,GL,JPM,GL-JPM
2022-07-11,GPN,MA,GPN-MA
2022-07-11,HBAN,PFG,HBAN-PFG
2022-07-11,HBAN,SCHW,HBAN-SCHW
2022-07-11,HON,JBHT,HON-JBHT
2022-07-11,HON,RTX,HON-RTX
2022-07-11,HUBB,SWK,HUBB-SWK
2022-07-11,J,PCAR,J-PCAR
2022-07-11,JBHT,JCI,JBHT-JCI
2022-07-11,JCI,PNR,JCI-PNR
2022-07-11,JCI,WAB,JCI-WAB
2022-07-11,KEY,SCHW,KEY-SCHW
2022-07-11,KIM,REG,KIM-REG
2022-07-11,KKR,TROW,KKR-TROW
2022-07-11,KLAC,PTC,KLAC-PTC
2022-07-11,L,MS,L-MS
2022-07-11,L,PGR,L-PGR
2022-07-11,L,PNC,L-PNC
2022-07-11,L,TRV,L-TRV
2022-07-11,L,WFC,L-WFC
2022-07-11,LHX,NOC,LHX-NOC
2022-07-11,LIN,PPG,LIN-PPG
2022-07-11,MA,WTW,MA-WTW
2022-07-11,MKC,SYY,MKC-SYY
2022-07-11,MLM,VMC,MLM-VMC
2022-07-11,MMM,SWK,MMM-SWK
2022-07-11,MMM,WM,MMM-WM
2022-07-11,MS,PNC,MS-PNC
2022-07-11,MSCI,SCHW,MSCI-SCHW
2022-07-11,MTB,RJF,MTB-RJF
2022-07-11,NI,SRE,NI-SRE
2022-07-11,NOC,PNR,NOC-PNR
2022-07-11,NTRS,PRU,NTRS-PRU
2022-07-11,NTRS,RJF,NTRS-RJF
2022-07-11,NUE,STLD,NUE-STLD
2022-07-11,NVDA,TER,NVDA-TER
2022-07-11,O,VTR,O-VTR
2022-07-11,PEG,SO,PEG-SO
2022-07-11,PH,UPS,PH-UPS
2022-07-11,RJF,TFC,RJF-TFC
2022-07-11,TDY,TER,TDY-TER
2022-07-11,TXT,WAB,TXT-WAB
2022-07-11,V,WTW,V-WTW
2023-01-09,ACGL,EG,ACGL-EG
2023-01-09,ACN,MSFT,ACN-MSFT
2023-01-09,ADI,IBM,ADI-IBM
2023-01-09,ADI,ROP,ADI-ROP
2023-01-09,AEP,ED,AEP-ED
2023-01-09,AEP,XEL,AEP-XEL
2023-01-09,AFL,USB,AFL-USB
2023-01-09,AIG,BRO,AIG-BRO
2023-01-09,AIG,FISV,AIG-FISV
2023-01-09,AIG,IVZ,AIG-IVZ
2023-01-09,AIG,L,AIG-L
2023-01-09,ALL,MET,ALL-MET
2023-01-09,ALLE,AOS,ALLE-AOS
2023-01-09,AME,AOS,AME-AOS
2023-01-09,AME,EME,AME-EME
2023-01-09,AME,LHX,AME-LHX
2023-01-09,AON,GPN,AON-GPN
2023-01-09,AON,WTW,AON-WTW
2023-01-09,AOS,ETN,AOS-ETN
2023-01-09,APD,CRH,APD-CRH
2023-01-09,APH,FLEX,APH-FLEX
2023-01-09,ATO,XEL,ATO-XEL
2023-01-09,AVB,ESS,AVB-ESS
2023-01-09,BA,UAL,BA-UAL
2023-01-09,BAC,BNY,BAC-BNY
2023-01-09,BDX,BSX,BDX-BSX
2023-01-09,BEN,NTRS,BEN-NTRS
2023-01-09,BR,CPRT,BR-CPRT
2023-01-09,BRO,L,BRO-L
2023-01-09,C,GS,C-GS
2023-01-09,C,HIG,C-HIG
2023-01-09,C,JPM,C-JPM
2023-01-09,C,MET,C-MET
2023-01-09,C,PRU,C-PRU
2023-01-09,CCI,SBAC,CCI-SBAC
2023-01-09,CFG,PRU,CFG-PRU
2023-01-09,CMS,ES,CMS-ES
2023-01-09,CMS,FE,CMS-FE
2023-01-09,CMS,PCG,CMS-PCG
2023-01-09,CMS,XEL,CMS-XEL
2023-01-09,COF,MET,COF-MET
2023-01-09,COF,RJF,COF-RJF
2023-01-09,COP,CVX,COP-CVX
2023-01-09,CPT,EQR,CPT-EQR
2023-01-09,CPT,EXR,CPT-EXR
2023-01-09,CPT,PLD,CPT-PLD
2023-01-09,DE,HON,DE-HON
2023-01-09,DHR,TMO,DHR-TMO
2023-01-09,DOC,WELL,DOC-WELL
2023-01-09,DOV,ETN,DOV-ETN
2023-01-09,DOV,ROK,DOV-ROK
2023-01-09,DOV,TDG,DOV-TDG
2023-01-09,DTE,EIX,DTE-EIX
2023-01-09,DTE,ES,DTE-ES
2023-01-09,DUK,ED,DUK-ED
2023-01-09,EG,L,EG-L
2023-01-09,EMR,ETN,EMR-ETN
2023-01-09,ES,NEE,ES-NEE
2023-01-09,ES,PNW,ES-PNW
2023-01-09,ESS,UDR,ESS-UDR
2023-01-09,ETR,NEE,ETR-NEE
2023-01-09,EXPD,PWR,EXPD-PWR
2023-01-09,EXPD,UPS,EXPD-UPS
2023-01-09,EXPE,GM,EXPE-GM
2023-01-09,FDX,MAS,FDX-MAS
2023-01-09,FE,LNT,FE-LNT
2023-01-09,FIS,V,FIS-V
2023-01-09,FISV,MA,FISV-MA
2023-01-09,FITB,MS,FITB-MS
2023-01-09,FITB,PRU,FITB-PRU
2023-01-09,FRT,SPG,FRT-SPG
2023-01-09,GDDY,MPWR,GDDY-MPWR
2023-01-09,GDDY,PTC,GDDY-PTC
2023-01-09,GDDY,SNPS,GDDY-SNPS
2023-01-09,GE,WAB,GE-WAB
2023-01-09,GL,JPM,GL-JPM
2023-01-09,GPN,MA,GPN-MA
2023-01-09,HBAN,PFG,HBAN-PFG
2023-01-09,HBAN,SCHW,HBAN-SCHW
2023-01-09,HON,JBHT,HON-JBHT
2023-01-09,HON,RTX,HON-RTX
2023-01-09,HUBB,SWK,HUBB-SWK
2023-01-09,IEX,TT,IEX-TT
2023-01-09,J,PCAR,J-PCAR
2023-01-09,JBHT,JCI,JBHT-JCI
2023-01-09,JCI,PNR,JCI-PNR
2023-01-09,JCI,WAB,JCI-WAB
2023-01-09,KEY,SCHW,KEY-SCHW
2023-01-09,KIM,REG,KIM-REG
2023-01-09,KKR,TROW,KKR-TROW
2023-01-09,KLAC,PTC,KLAC-PTC
2023-01-09,L,MS,L-MS
2023-01-09,L,PGR,L-PGR
2023-01-09,L,PNC,L-PNC
2023-01-09,L,TRV,L-TRV
2023-01-09,L,WFC,L-WFC
2023-01-09,LHX,NOC,LHX-NOC
2023-01-09,LIN,PPG,LIN-PPG
2023-01-09,MA,WTW,MA-WTW
2023-01-09,MDLZ,SJM,MDLZ-SJM
2023-01-09,MKC,SYY,MKC-SYY
2023-01-09,MLM,VMC,MLM-VMC
2023-01-09,MMM,SWK,MMM-SWK
2023-01-09,MMM,WM,MMM-WM
2023-01-09,MS,PNC,MS-PNC
2023-01-09,MSCI,SCHW,MSCI-SCHW
2023-01-09,MTB,RJF,MTB-RJF
2023-01-09,NI,SRE,NI-SRE
2023-01-09,NOC,PNR,NOC-PNR
2023-01-09,NTRS,PRU,NTRS-PRU
2023-01-09,NTRS,RJF,NTRS-RJF
2023-01-09,NUE,STLD,NUE-STLD
2023-01-09,NVDA,TER,NVDA-TER
2023-01-09,O,VTR,O-VTR
2023-01-09,PEG,SO,PEG-SO
2023-01-09,PH,UPS,PH-UPS
2023-01-09,RJF,TFC,RJF-TFC
2023-01-09,TDY,TER,TDY-TER
2023-01-09,TXT,WAB,TXT-WAB
2023-01-09,V,WTW,V-WTW
2023-07-12,ACGL,EG,ACGL-EG
2023-07-12,ACN,MSFT,ACN-MSFT
2023-07-12,ADI,IBM,ADI-IBM
2023-07-12,ADI,ROP,ADI-ROP
2023-07-12,AEP,ED,AEP-ED
2023-07-12,AEP,XEL,AEP-XEL
2023-07-12,AFL,EG,AFL-EG
2023-07-12,AFL,USB,AFL-USB
2023-07-12,AIG,BRO,AIG-BRO
2023-07-12,AIG,FISV,AIG-FISV
2023-07-12,AIG,IVZ,AIG-IVZ
2023-07-12,AIG,L,AIG-L
2023-07-12,ALL,MET,ALL-MET
2023-07-12,ALLE,AOS,ALLE-AOS
2023-07-12,AMD,MRVL,AMD-MRVL
2023-07-12,AME,AOS,AME-AOS
2023-07-12,AME,EME,AME-EME
2023-07-12,AME,LHX,AME-LHX
2023-07-12,AON,GPN,AON-GPN
2023-07-12,AON,WTW,AON-WTW
2023-07-12,AOS,ETN,AOS-ETN
2023-07-12,APD,CRH,APD-CRH
2023-07-12,APH,FLEX,APH-FLEX
2023-07-12,ATO,XEL,ATO-XEL
2023-07-12,AVB,ESS,AVB-ESS
2023-07-12,BA,UAL,BA-UAL
2023-07-12,BAC,BNY,BAC-BNY
2023-07-12,BDX,BSX,BDX-BSX
2023-07-12,BEN,NTRS,BEN-NTRS
2023-07-12,BR,CPRT,BR-CPRT
2023-07-12,BRO,L,BRO-L
2023-07-12,C,GS,C-GS
2023-07-12,C,HIG,C-HIG
2023-07-12,C,JPM,C-JPM
2023-07-12,C,MET,C-MET
2023-07-12,C,PRU,C-PRU
2023-07-12,CCI,SBAC,CCI-SBAC
2023-07-12,CFG,PRU,CFG-PRU
2023-07-12,CMS,DTE,CMS-DTE
2023-07-12,CMS,ES,CMS-ES
2023-07-12,CMS,FE,CMS-FE
2023-07-12,CMS,PCG,CMS-PCG
2023-07-12,CMS,XEL,CMS-XEL
2023-07-12,COF,MET,COF-MET
2023-07-12,COF,RJF,COF-RJF
2023-07-12,COP,CVX,COP-CVX
2023-07-12,CPT,EQR,CPT-EQR
2023-07-12,CPT,EXR,CPT-EXR
2023-07-12,CPT,PLD,CPT-PLD
2023-07-12,DE,HON,DE-HON
2023-07-12,DHR,TMO,DHR-TMO
2023-07-12,DOC,WELL,DOC-WELL
2023-07-12,DOV,ETN,DOV-ETN
2023-07-12,DOV,ROK,DOV-ROK
2023-07-12,DOV,TDG,DOV-TDG
2023-07-12,DTE,EIX,DTE-EIX
2023-07-12,DTE,ES,DTE-ES
2023-07-12,DUK,ED,DUK-ED
2023-07-12,EG,L,EG-L
2023-07-12,EMR,ETN,EMR-ETN
2023-07-12,ES,NEE,ES-NEE
2023-07-12,ES,PNW,ES-PNW
2023-07-12,ESS,UDR,ESS-UDR
2023-07-12,ETR,NEE,ETR-NEE
2023-07-12,EXPD,PWR,EXPD-PWR
2023-07-12,EXPD,UPS,EXPD-UPS
2023-07-12,EXPE,GM,EXPE-GM
2023-07-12,FDX,MAS,FDX-MAS
2023-07-12,FE,LNT,FE-LNT
2023-07-12,FIS,V,FIS-V
2023-07-12,FISV,MA,FISV-MA
2023-07-12,FITB,MS,FITB-MS
2023-07-12,FITB,PRU,FITB-PRU
2023-07-12,FRT,SPG,FRT-SPG
2023-07-12,GDDY,MPWR,GDDY-MPWR
2023-07-12,GDDY,PTC,GDDY-PTC
2023-07-12,GDDY,SNPS,GDDY-SNPS
2023-07-12,GE,WAB,GE-WAB
2023-07-12,GL,JPM,GL-JPM
2023-07-12,GPN,MA,GPN-MA
2023-07-12,HBAN,PFG,HBAN-PFG
2023-07-12,HBAN,SCHW,HBAN-SCHW
2023-07-12,HON,JBHT,HON-JBHT
2023-07-12,HON,RTX,HON-RTX
2023-07-12,HUBB,SWK,HUBB-SWK
2023-07-12,IEX,TT,IEX-TT
2023-07-12,J,PCAR,J-PCAR
2023-07-12,JBHT,JCI,JBHT-JCI
2023-07-12,JCI,PNR,JCI-PNR
2023-07-12,JCI,WAB,JCI-WAB
2023-07-12,KEY,SCHW,KEY-SCHW
2023-07-12,KIM,REG,KIM-REG
2023-07-12,KKR,TROW,KKR-TROW
2023-07-12,KLAC,PTC,KLAC-PTC
2023-07-12,L,MS,L-MS
2023-07-12,L,PGR,L-PGR
2023-07-12,L,PNC,L-PNC
2023-07-12,L,TRV,L-TRV
2023-07-12,L,WFC,L-WFC
2023-07-12,LHX,NOC,LHX-NOC
2023-07-12,LIN,PPG,LIN-PPG
2023-07-12,MA,WTW,MA-WTW
2023-07-12,MDLZ,SJM,MDLZ-SJM
2023-07-12,MKC,SYY,MKC-SYY
2023-07-12,MLM,VMC,MLM-VMC
2023-07-12,MMM,SWK,MMM-SWK
2023-07-12,MMM,WM,MMM-WM
2023-07-12,MS,PNC,MS-PNC
2023-07-12,MSCI,SCHW,MSCI-SCHW
2023-07-12,MTB,RJF,MTB-RJF
2023-07-12,NI,SRE,NI-SRE
2023-07-12,NOC,PNR,NOC-PNR
2023-07-12,NTRS,PRU,NTRS-PRU
2023-07-12,NTRS,RJF,NTRS-RJF
2023-07-12,NUE,STLD,NUE-STLD
2023-07-12,NVDA,TER,NVDA-TER
2023-07-12,NXPI,ZBRA,NXPI-ZBRA
2023-07-12,O,VTR,O-VTR
2023-07-12,PEG,SO,PEG-SO
2023-07-12,PH,UPS,PH-UPS
2023-07-12,RJF,TFC,RJF-TFC
2023-07-12,TDY,TER,TDY-TER
2023-07-12,TXT,WAB,TXT-WAB
2023-07-12,V,WTW,V-WTW
2024-01-10,ACGL,EG,ACGL-EG
2024-01-10,ACN,MSFT,ACN-MSFT
2024-01-10,ADI,IBM,ADI-IBM
2024-01-10,ADI,ROP,ADI-ROP
2024-01-10,AEP,ED,AEP-ED
2024-01-10,AEP,XEL,AEP-XEL
2024-01-10,AFL,EG,AFL-EG
2024-01-10,AFL,USB,AFL-USB
2024-01-10,AIG,BRO,AIG-BRO
2024-01-10,AIG,FISV,AIG-FISV
2024-01-10,AIG,IVZ,AIG-IVZ
2024-01-10,AIG,L,AIG-L
2024-01-10,ALL,MET,ALL-MET
2024-01-10,ALLE,AOS,ALLE-AOS
2024-01-10,AMD,MRVL,AMD-MRVL
2024-01-10,AME,AOS,AME-AOS
2024-01-10,AME,EME,AME-EME
2024-01-10,AME,LHX,AME-LHX
2024-01-10,AON,GPN,AON-GPN
2024-01-10,AON,WTW,AON-WTW
2024-01-10,AOS,ETN,AOS-ETN
2024-01-10,APD,CRH,APD-CRH
2024-01-10,APH,FLEX,APH-FLEX
2024-01-10,ATO,XEL,ATO-XEL
2024-01-10,AVB,ESS,AVB-ESS
2024-01-10,BA,UAL,BA-UAL
2024-01-10,BAC,BNY,BAC-BNY
2024-01-10,BDX,BSX,BDX-BSX
2024-01-10,BEN,NTRS,BEN-NTRS
2024-01-10,BR,CPRT,BR-CPRT
2024-01-10,BRO,L,BRO-L
2024-01-10,C,GS,C-GS
2024-01-10,C,HIG,C-HIG
2024-01-10,C,JPM,C-JPM
2024-01-10,C,MET,C-MET
2024-01-10,C,PRU,C-PRU
2024-01-10,CCI,SBAC,CCI-SBAC
2024-01-10,CFG,PRU,CFG-PRU
2024-01-10,CMS,DTE,CMS-DTE
2024-01-10,CMS,ES,CMS-ES
2024-01-10,CMS,FE,CMS-FE
2024-01-10,CMS,PCG,CMS-PCG
2024-01-10,CMS,XEL,CMS-XEL
2024-01-10,COF,MET,COF-MET
2024-01-10,COF,RJF,COF-RJF
2024-01-10,COP,CVX,COP-CVX
2024-01-10,CPT,EQR,CPT-EQR
2024-01-10,CPT,EXR,CPT-EXR
2024-01-10,CPT,PLD,CPT-PLD
2024-01-10,DE,HON,DE-HON
2024-01-10,DHR,TMO,DHR-TMO
2024-01-10,DOC,WELL,DOC-WELL
2024-01-10,DOV,ETN,DOV-ETN
2024-01-10,DOV,ROK,DOV-ROK
2024-01-10,DOV,TDG,DOV-TDG
2024-01-10,DTE,EIX,DTE-EIX
2024-01-10,DTE,ES,DTE-ES
2024-01-10,DUK,ED,DUK-ED
2024-01-10,EG,L,EG-L
2024-01-10,EMR,ETN,EMR-ETN
2024-01-10,ES,NEE,ES-NEE
2024-01-10,ES,PNW,ES-PNW
2024-01-10,ESS,UDR,ESS-UDR
2024-01-10,ETR,NEE,ETR-NEE
2024-01-10,EXPD,PWR,EXPD-PWR
2024-01-10,EXPD,UPS,EXPD-UPS
2024-01-10,EXPE,GM,EXPE-GM
2024-01-10,FDX,MAS,FDX-MAS
2024-01-10,FE,LNT,FE-LNT
2024-01-10,FIS,V,FIS-V
2024-01-10,FISV,MA,FISV-MA
2024-01-10,FITB,MS,FITB-MS
2024-01-10,FITB,PRU,FITB-PRU
2024-01-10,FRT,SPG,FRT-SPG
2024-01-10,FTNT,NVDA,FTNT-NVDA
2024-01-10,GDDY,MPWR,GDDY-MPWR
2024-01-10,GDDY,PTC,GDDY-PTC
2024-01-10,GDDY,SNPS,GDDY-SNPS
2024-01-10,GE,WAB,GE-WAB
2024-01-10,GL,JPM,GL-JPM
2024-01-10,GOOG,GOOGL,GOOG-GOOGL
2024-01-10,GPN,MA,GPN-MA
2024-01-10,HBAN,PFG,HBAN-PFG
2024-01-10,HBAN,SCHW,HBAN-SCHW
2024-01-10,HON,JBHT,HON-JBHT
2024-01-10,HON,RTX,HON-RTX
2024-01-10,HUBB,SWK,HUBB-SWK
2024-01-10,IEX,TT,IEX-TT
2024-01-10,IQV,LH,IQV-LH
2024-01-10,J,PCAR,J-PCAR
2024-01-10,JBHT,JCI,JBHT-JCI
2024-01-10,JCI,PNR,JCI-PNR
2024-01-10,JCI,WAB,JCI-WAB
2024-01-10,KEY,SCHW,KEY-SCHW
2024-01-10,KIM,REG,KIM-REG
2024-01-10,KKR,TROW,KKR-TROW
2024-01-10,KLAC,PTC,KLAC-PTC
2024-01-10,L,MS,L-MS
2024-01-10,L,PGR,L-PGR
2024-01-10,L,PNC,L-PNC
2024-01-10,L,TRV,L-TRV
2024-01-10,L,WFC,L-WFC
2024-01-10,LHX,NOC,LHX-NOC
2024-01-10,LIN,PPG,LIN-PPG
2024-01-10,MA,WTW,MA-WTW
2024-01-10,MDLZ,SJM,MDLZ-SJM
2024-01-10,MKC,SYY,MKC-SYY
2024-01-10,MLM,VMC,MLM-VMC
2024-01-10,MMM,SWK,MMM-SWK
2024-01-10,MMM,WM,MMM-WM
2024-01-10,MS,PNC,MS-PNC
2024-01-10,MS,STT,MS-STT
2024-01-10,MSCI,SCHW,MSCI-SCHW
2024-01-10,MTB,RJF,MTB-RJF
2024-01-10,NI,SRE,NI-SRE
2024-01-10,NOC,PNR,NOC-PNR
2024-01-10,NTRS,PRU,NTRS-PRU
2024-01-10,NTRS,RJF,NTRS-RJF
2024-01-10,NUE,STLD,NUE-STLD
2024-01-10,NVDA,TER,NVDA-TER
2024-01-10,NXPI,TEL,NXPI-TEL
2024-01-10,NXPI,ZBRA,NXPI-ZBRA
2024-01-10,O,VTR,O-VTR
2024-01-10,PEG,SO,PEG-SO
2024-01-10,PH,UPS,PH-UPS
2024-01-10,RJF,TFC,RJF-TFC
2024-01-10,TDY,TER,TDY-TER
2024-01-10,TXT,WAB,TXT-WAB
2024-01-10,V,WTW,V-WTW
2024-07-12,ACGL,EG,ACGL-EG
2024-07-12,ACN,MSFT,ACN-MSFT
2024-07-12,ADI,IBM,ADI-IBM
2024-07-12,ADI,ROP,ADI-ROP
2024-07-12,AEP,ED,AEP-ED
2024-07-12,AEP,XEL,AEP-XEL
2024-07-12,AFL,EG,AFL-EG
2024-07-12,AFL,USB,AFL-USB
2024-07-12,AIG,BRO,AIG-BRO
2024-07-12,AIG,FISV,AIG-FISV
2024-07-12,AIG,IVZ,AIG-IVZ
2024-07-12,AIG,L,AIG-L
2024-07-12,ALL,MET,ALL-MET
2024-07-12,ALLE,AOS,ALLE-AOS
2024-07-12,AMD,MRVL,AMD-MRVL
2024-07-12,AME,AOS,AME-AOS
2024-07-12,AME,EME,AME-EME
2024-07-12,AME,LHX,AME-LHX
2024-07-12,AON,GPN,AON-GPN
2024-07-12,AON,WTW,AON-WTW
2024-07-12,AOS,ETN,AOS-ETN
2024-07-12,APD,CRH,APD-CRH
2024-07-12,APH,FLEX,APH-FLEX
2024-07-12,APTV,WYNN,APTV-WYNN
2024-07-12,ATO,XEL,ATO-XEL
2024-07-12,AVB,ESS,AVB-ESS
2024-07-12,BA,UAL,BA-UAL
2024-07-12,BAC,BNY,BAC-BNY
2024-07-12,BDX,BSX,BDX-BSX
2024-07-12,BEN,NTRS,BEN-NTRS
2024-07-12,BR,CPRT,BR-CPRT
2024-07-12,BRO,L,BRO-L
2024-07-12,C,GS,C-GS
2024-07-12,C,HIG,C-HIG
2024-07-12,C,JPM,C-JPM
2024-07-12,C,MET,C-MET
2024-07-12,C,PRU,C-PRU
2024-07-12,CCI,SBAC,CCI-SBAC
2024-07-12,CFG,PRU,CFG-PRU
2024-07-12,CMS,DTE,CMS-DTE
2024-07-12,CMS,ES,CMS-ES
2024-07-12,CMS,FE,CMS-FE
2024-07-12,CMS,PCG,CMS-PCG
2024-07-12,CMS,XEL,CMS-XEL
2024-07-12,COF,MET,COF-MET
2024-07-12,COF,RJF,COF-RJF
2024-07-12,COP,CVX,COP-CVX
2024-07-12,CPT,EQR,CPT-EQR
2024-07-12,CPT,EXR,CPT-EXR
2024-07-12,CPT,PLD,CPT-PLD
2024-07-12,DE,HON,DE-HON
2024-07-12,DHR,TMO,DHR-TMO
2024-07-12,DOC,WELL,DOC-WELL
2024-07-12,DOV,ETN,DOV-ETN
2024-07-12,DOV,ROK,DOV-ROK
2024-07-12,DOV,TDG,DOV-TDG
2024-07-12,DTE,EIX,DTE-EIX
2024-07-12,DTE,ES,DTE-ES
2024-07-12,DUK,ED,DUK-ED
2024-07-12,EG,L,EG-L
2024-07-12,EMR,ETN,EMR-ETN
2024-07-12,ES,NEE,ES-NEE
2024-07-12,ES,PNW,ES-PNW
2024-07-12,ESS,UDR,ESS-UDR
2024-07-12,ETR,NEE,ETR-NEE
2024-07-12,EXPD,OTIS,EXPD-OTIS
2024-07-12,EXPD,PH,EXPD-PH
2024-07-12,EXPD,PWR,EXPD-PWR
2024-07-12,EXPD,UPS,EXPD-UPS
2024-07-12,EXPE,GM,EXPE-GM
2024-07-12,FDX,MAS,FDX-MAS
2024-07-12,FE,LNT,FE-LNT
2024-07-12,FIS,V,FIS-V
2024-07-12,FISV,MA,FISV-MA
2024-07-12,FITB,MS,FITB-MS
2024-07-12,FITB,PRU,FITB-PRU
2024-07-12,FRT,SPG,FRT-SPG
2024-07-12,FTNT,NVDA,FTNT-NVDA
2024-07-12,GDDY,MPWR,GDDY-MPWR
2024-07-12,GDDY,PTC,GDDY-PTC
2024-07-12,GDDY,SNPS,GDDY-SNPS
2024-07-12,GE,WAB,GE-WAB
2024-07-12,GL,JPM,GL-JPM
2024-07-12,GOOG,GOOGL,GOOG-GOOGL
2024-07-12,GPN,MA,GPN-MA
2024-07-12,HBAN,PFG,HBAN-PFG
2024-07-12,HBAN,SCHW,HBAN-SCHW
2024-07-12,HON,JBHT,HON-JBHT
2024-07-12,HON,RTX,HON-RTX
2024-07-12,HUBB,SWK,HUBB-SWK
2024-07-12,HWM,SNA,HWM-SNA
2024-07-12,IEX,TT,IEX-TT
2024-07-12,IQV,LH,IQV-LH
2024-07-12,J,PCAR,J-PCAR
2024-07-12,JBHT,JCI,JBHT-JCI
2024-07-12,JCI,PNR,JCI-PNR
2024-07-12,JCI,WAB,JCI-WAB
2024-07-12,KEY,SCHW,KEY-SCHW
2024-07-12,KIM,REG,KIM-REG
2024-07-12,KKR,TROW,KKR-TROW
2024-07-12,KLAC,PTC,KLAC-PTC
2024-07-12,L,MS,L-MS
2024-07-12,L,PGR,L-PGR
2024-07-12,L,PNC,L-PNC
2024-07-12,L,TRV,L-TRV
2024-07-12,L,WFC,L-WFC
2024-07-12,LHX,NOC,LHX-NOC
2024-07-12,LIN,PPG,LIN-PPG
2024-07-12,MA,WTW,MA-WTW
2024-07-12,MDLZ,SJM,MDLZ-SJM
2024-07-12,MKC,SYY,MKC-SYY
2024-07-12,MLM,VMC,MLM-VMC
2024-07-12,MMM,SWK,MMM-SWK
2024-07-12,MMM,WM,MMM-WM
2024-07-12,MS,PNC,MS-PNC
2024-07-12,MS,STT,MS-STT
2024-07-12,MSCI,SCHW,MSCI-SCHW
2024-07-12,MTB,RJF,MTB-RJF
2024-07-12,NI,SRE,NI-SRE
2024-07-12,NOC,PNR,NOC-PNR
2024-07-12,NTRS,PRU,NTRS-PRU
2024-07-12,NTRS,RJF,NTRS-RJF
2024-07-12,NUE,STLD,NUE-STLD
2024-07-12,NVDA,TER,NVDA-TER
2024-07-12,NXPI,TEL,NXPI-TEL
2024-07-12,NXPI,ZBRA,NXPI-ZBRA
2024-07-12,O,VTR,O-VTR
2024-07-12,PEG,SO,PEG-SO
2024-07-12,PH,UPS,PH-UPS
2024-07-12,RJF,TFC,RJF-TFC
2024-07-12,SYF,WFC,SYF-WFC
2024-07-12,TDY,TER,TDY-TER
2024-07-12,TXT,WAB,TXT-WAB
2024-07-12,V,WTW,V-WTW
2025-01-13,ACGL,EG,ACGL-EG
2025-01-13,ACN,MSFT,ACN-MSFT
2025-01-13,ADI,IBM,ADI-IBM
2025-01-13,ADI,ROP,ADI-ROP
2025-01-13,AEP,ED,AEP-ED
2025-01-13,AEP,XEL,AEP-XEL
2025-01-13,AFL,EG,AFL-EG
2025-01-13,AFL,USB,AFL-USB
2025-01-13,AIG,BRO,AIG-BRO
2025-01-13,AIG,FISV,AIG-FISV
2025-01-13,AIG,IVZ,AIG-IVZ
2025-01-13,AIG,L,AIG-L
2025-01-13,ALL,MET,ALL-MET
2025-01-13,ALLE,AOS,ALLE-AOS
2025-01-13,AMD,MRVL,AMD-MRVL
2025-01-13,AME,AOS,AME-AOS
2025-01-13,AME,EME,AME-EME
2025-01-13,AME,LHX,AME-LHX
2025-01-13,AMP,JPM,AMP-JPM
2025-01-13,AON,GPN,AON-GPN
2025-01-13,AON,WTW,AON-WTW
2025-01-13,AOS,ETN,AOS-ETN
2025-01-13,APD,CRH,APD-CRH
2025-01-13,APH,FLEX,APH-FLEX
2025-01-13,APTV,WYNN,APTV-WYNN
2025-01-13,ATO,XEL,ATO-XEL
2025-01-13,AVB,ESS,AVB-ESS
2025-01-13,BA,UAL,BA-UAL
2025-01-13,BAC,BNY,BAC-BNY
2025-01-13,BDX,BSX,BDX-BSX
2025-01-13,BEN,NTRS,BEN-NTRS
2025-01-13,BR,CPRT,BR-CPRT
2025-01-13,BRO,L,BRO-L
2025-01-13,C,GS,C-GS
2025-01-13,C,HIG,C-HIG
2025-01-13,C,JPM,C-JPM
2025-01-13,C,MET,C-MET
2025-01-13,C,PRU,C-PRU
2025-01-13,CCI,SBAC,CCI-SBAC
2025-01-13,CFG,PRU,CFG-PRU
2025-01-13,CMS,DTE,CMS-DTE
2025-01-13,CMS,ES,CMS-ES
2025-01-13,CMS,FE,CMS-FE
2025-01-13,CMS,PCG,CMS-PCG
2025-01-13,CMS,XEL,CMS-XEL
2025-01-13,COF,MET,COF-MET
2025-01-13,COF,RJF,COF-RJF
2025-01-13,COP,CVX,COP-CVX
2025-01-13,CPT,EQR,CPT-EQR
2025-01-13,CPT,EXR,CPT-EXR
2025-01-13,CPT,PLD,CPT-PLD
2025-01-13,DE,HON,DE-HON
2025-01-13,DHR,TMO,DHR-TMO
2025-01-13,DOC,WELL,DOC-WELL
2025-01-13,DOV,ETN,DOV-ETN
2025-01-13,DOV,ROK,DOV-ROK
2025-01-13,DOV,TDG,DOV-TDG
2025-01-13,DTE,EIX,DTE-EIX
2025-01-13,DTE,ES,DTE-ES
2025-01-13,DUK,ED,DUK-ED
2025-01-13,EG,L,EG-L
2025-01-13,EMR,ETN,EMR-ETN
2025-01-13,ES,NEE,ES-NEE
2025-01-13,ES,PNW,ES-PNW
2025-01-13,ESS,UDR,ESS-UDR
2025-01-13,ETR,NEE,ETR-NEE
2025-01-13,EXPD,OTIS,EXPD-OTIS
2025-01-13,EXPD,PH,EXPD-PH
2025-01-13,EXPD,PWR,EXPD-PWR
2025-01-13,EXPD,UPS,EXPD-UPS
2025-01-13,EXPE,GM,EXPE-GM
2025-01-13,FDX,MAS,FDX-MAS
2025-01-13,FE,LNT,FE-LNT
2025-01-13,FE,PPL,FE-PPL
2025-01-13,FIS,V,FIS-V
2025-01-13,FISV,MA,FISV-MA
2025-01-13,FITB,MS,FITB-MS
2025-01-13,FITB,PRU,FITB-PRU
2025-01-13,FRT,SPG,FRT-SPG
2025-01-13,FTNT,NVDA,FTNT-NVDA
2025-01-13,GDDY,MPWR,GDDY-MPWR
2025-01-13,GDDY,PTC,GDDY-PTC
2025-01-13,GDDY,SNPS,GDDY-SNPS
2025-01-13,GE,WAB,GE-WAB
2025-01-13,GL,JPM,GL-JPM
2025-01-13,GOOG,GOOGL,GOOG-GOOGL
2025-01-13,GPN,MA,GPN-MA
2025-01-13,HBAN,PFG,HBAN-PFG
2025-01-13,HBAN,SCHW,HBAN-SCHW
2025-01-13,HON,JBHT,HON-JBHT
2025-01-13,HON,RTX,HON-RTX
2025-01-13,HUBB,SWK,HUBB-SWK
2025-01-13,HWM,SNA,HWM-SNA
2025-01-13,IEX,TT,IEX-TT
2025-01-13,INTU,NOW,INTU-NOW
2025-01-13,IQV,LH,IQV-LH
2025-01-13,J,PCAR,J-PCAR
2025-01-13,JBHT,JCI,JBHT-JCI
2025-01-13,JCI,PNR,JCI-PNR
2025-01-13,JCI,WAB,JCI-WAB
2025-01-13,KEY,SCHW,KEY-SCHW
2025-01-13,KIM,REG,KIM-REG
2025-01-13,KKR,TROW,KKR-TROW
2025-01-13,KLAC,PTC,KLAC-PTC
2025-01-13,L,MS,L-MS
2025-01-13,L,PGR,L-PGR
2025-01-13,L,PNC,L-PNC
2025-01-13,L,TRV,L-TRV
2025-01-13,L,WFC,L-WFC
2025-01-13,LHX,NOC,LHX-NOC
2025-01-13,LIN,PPG,LIN-PPG
2025-01-13,MA,WTW,MA-WTW
2025-01-13,MDLZ,SJM,MDLZ-SJM
2025-01-13,MKC,SYY,MKC-SYY
2025-01-13,MLM,VMC,MLM-VMC
2025-01-13,MMM,SWK,MMM-SWK
2025-01-13,MMM,WM,MMM-WM
2025-01-13,MPWR,TEL,MPWR-TEL
2025-01-13,MS,PNC,MS-PNC
2025-01-13,MS,STT,MS-STT
2025-01-13,MSCI,SCHW,MSCI-SCHW
2025-01-13,MTB,RJF,MTB-RJF
2025-01-13,NI,SRE,NI-SRE
2025-01-13,NOC,PNR,NOC-PNR
2025-01-13,NTRS,PRU,NTRS-PRU
2025-01-13,NTRS,RJF,NTRS-RJF
2025-01-13,NUE,STLD,NUE-STLD
2025-01-13,NVDA,TER,NVDA-TER
2025-01-13,NXPI,TEL,NXPI-TEL
2025-01-13,NXPI,ZBRA,NXPI-ZBRA
2025-01-13,O,VTR,O-VTR
2025-01-13,PEG,SO,PEG-SO
2025-01-13,PH,UPS,PH-UPS
2025-01-13,RJF,TFC,RJF-TFC
2025-01-13,SNA,SWK,SNA-SWK
2025-01-13,SYF,WFC,SYF-WFC
2025-01-13,TDY,TER,TDY-TER
2025-01-13,TXT,WAB,TXT-WAB
2025-01-13,V,WTW,V-WTW
2025-07-16,ACGL,EG,ACGL-EG
2025-07-16,ACN,MSFT,ACN-MSFT
2025-07-16,ADI,IBM,ADI-IBM
2025-07-16,ADI,ROP,ADI-ROP
2025-07-16,AEP,ED,AEP-ED
2025-07-16,AEP,FE,AEP-FE
2025-07-16,AEP,XEL,AEP-XEL
2025-07-16,AFL,EG,AFL-EG
2025-07-16,AFL,USB,AFL-USB
2025-07-16,AIG,BRO,AIG-BRO
2025-07-16,AIG,FISV,AIG-FISV
2025-07-16,AIG,IVZ,AIG-IVZ
2025-07-16,AIG,L,AIG-L
2025-07-16,ALL,MET,ALL-MET
2025-07-16,ALLE,AOS,ALLE-AOS
2025-07-16,AMD,MRVL,AMD-MRVL
2025-07-16,AME,AOS,AME-AOS
2025-07-16,AME,EME,AME-EME
2025-07-16,AME,LHX,AME-LHX
2025-07-16,AMP,JPM,AMP-JPM
2025-07-16,ANET,AVGO,ANET-AVGO
2025-07-16,AON,GPN,AON-GPN
2025-07-16,AON,WTW,AON-WTW
2025-07-16,AOS,ETN,AOS-ETN
2025-07-16,APD,CRH,APD-CRH
2025-07-16,APH,FLEX,APH-FLEX
2025-07-16,APTV,WYNN,APTV-WYNN
2025-07-16,ATO,XEL,ATO-XEL
2025-07-16,AVB,ESS,AVB-ESS
2025-07-16,BA,UAL,BA-UAL
2025-07-16,BAC,BNY,BAC-BNY
2025-07-16,BDX,BSX,BDX-BSX
2025-07-16,BEN,NTRS,BEN-NTRS
2025-07-16,BNY,PNC,BNY-PNC
2025-07-16,BR,CPRT,BR-CPRT
2025-07-16,BRO,L,BRO-L
2025-07-16,C,GS,C-GS
2025-07-16,C,HIG,C-HIG
2025-07-16,C,JPM,C-JPM
2025-07-16,C,MET,C-MET
2025-07-16,C,PRU,C-PRU
2025-07-16,CCI,SBAC,CCI-SBAC
2025-07-16,CFG,PRU,CFG-PRU
2025-07-16,CMS,DTE,CMS-DTE
2025-07-16,CMS,ES,CMS-ES
2025-07-16,CMS,FE,CMS-FE
2025-07-16,CMS,PCG,CMS-PCG
2025-07-16,CMS,XEL,CMS-XEL
2025-07-16,COF,MET,COF-MET
2025-07-16,COF,RJF,COF-RJF
2025-07-16,COP,CVX,COP-CVX
2025-07-16,CPT,EQR,CPT-EQR
2025-07-16,CPT,EXR,CPT-EXR
2025-07-16,CPT,PLD,CPT-PLD
2025-07-16,CPT,UDR,CPT-UDR
2025-07-16,DE,HON,DE-HON
2025-07-16,DHR,TMO,DHR-TMO
2025-07-16,DOC,WELL,DOC-WELL
2025-07-16,DOV,ETN,DOV-ETN
2025-07-16,DOV,ROK,DOV-ROK
2025-07-16,DOV,TDG,DOV-TDG
2025-07-16,DTE,EIX,DTE-EIX
2025-07-16,DTE,ES,DTE-ES
2025-07-16,DUK,ED,DUK-ED
2025-07-16,EG,L,EG-L
2025-07-16,EMR,ETN,EMR-ETN
2025-07-16,ES,NEE,ES-NEE
2025-07-16,ES,PNW,ES-PNW
2025-07-16,ESS,UDR,ESS-UDR
2025-07-16,ETR,NEE,ETR-NEE
2025-07-16,EXPD,OTIS,EXPD-OTIS
2025-07-16,EXPD,PH,EXPD-PH
2025-07-16,EXPD,PWR,EXPD-PWR
2025-07-16,EXPD,UPS,EXPD-UPS
2025-07-16,EXPE,GM,EXPE-GM
2025-07-16,FDX,MAS,FDX-MAS
2025-07-16,FE,LNT,FE-LNT
2025-07-16,FE,PPL,FE-PPL
2025-07-16,FIS,V,FIS-V
2025-07-16,FISV,MA,FISV-MA
2025-07-16,FITB,MS,FITB-MS
2025-07-16,FITB,PRU,FITB-PRU
2025-07-16,FRT,SPG,FRT-SPG
2025-07-16,FTNT,NVDA,FTNT-NVDA
2025-07-16,GDDY,MPWR,GDDY-MPWR
2025-07-16,GDDY,PTC,GDDY-PTC
2025-07-16,GDDY,SNPS,GDDY-SNPS
2025-07-16,GE,WAB,GE-WAB
2025-07-16,GL,JPM,GL-JPM
2025-07-16,GOOG,GOOGL,GOOG-GOOGL
2025-07-16,GPN,MA,GPN-MA
2025-07-16,HBAN,PFG,HBAN-PFG
2025-07-16,HBAN,SCHW,HBAN-SCHW
2025-07-16,HON,JBHT,HON-JBHT
2025-07-16,HON,RTX,HON-RTX
2025-07-16,HUBB,SWK,HUBB-SWK
2025-07-16,HWM,SNA,HWM-SNA
2025-07-16,IEX,TT,IEX-TT
2025-07-16,INTU,NOW,INTU-NOW
2025-07-16,IQV,LH,IQV-LH
2025-07-16,J,PCAR,J-PCAR
2025-07-16,JBHT,JCI,JBHT-JCI
2025-07-16,JCI,PNR,JCI-PNR
2025-07-16,JCI,WAB,JCI-WAB
2025-07-16,KEY,SCHW,KEY-SCHW
2025-07-16,KIM,REG,KIM-REG
2025-07-16,KKR,TROW,KKR-TROW
2025-07-16,KLAC,PTC,KLAC-PTC
2025-07-16,L,MS,L-MS
2025-07-16,L,PGR,L-PGR
2025-07-16,L,PNC,L-PNC
2025-07-16,L,TRV,L-TRV
2025-07-16,L,WFC,L-WFC
2025-07-16,LHX,NOC,LHX-NOC
2025-07-16,LIN,PPG,LIN-PPG
2025-07-16,MA,WTW,MA-WTW
2025-07-16,MCO,SPGI,MCO-SPGI
2025-07-16,MDLZ,SJM,MDLZ-SJM
2025-07-16,MKC,SYY,MKC-SYY
2025-07-16,MLM,VMC,MLM-VMC
2025-07-16,MMM,SWK,MMM-SWK
2025-07-16,MMM,WM,MMM-WM
2025-07-16,MPWR,TEL,MPWR-TEL
2025-07-16,MS,PNC,MS-PNC
2025-07-16,MS,STT,MS-STT
2025-07-16,MSCI,SCHW,MSCI-SCHW
2025-07-16,MTB,RJF,MTB-RJF
2025-07-16,NI,SRE,NI-SRE
2025-07-16,NOC,PNR,NOC-PNR
2025-07-16,NTRS,PRU,NTRS-PRU
2025-07-16,NTRS,RJF,NTRS-RJF
2025-07-16,NUE,STLD,NUE-STLD
2025-07-16,NVDA,TER,NVDA-TER
2025-07-16,NXPI,TEL,NXPI-TEL
2025-07-16,NXPI,ZBRA,NXPI-ZBRA
2025-07-16,O,VTR,O-VTR
2025-07-16,PEG,SO,PEG-SO
2025-07-16,PH,UPS,PH-UPS
2025-07-16,RJF,TFC,RJF-TFC
2025-07-16,SNA,SWK,SNA-SWK
2025-07-16,SYF,WFC,SYF-WFC
2025-07-16,TDY,TER,TDY-TER
2025-07-16,TXT,WAB,TXT-WAB
2025-07-16,V,WTW,V-WTW
2026-01-14,ACGL,EG,ACGL-EG
2026-01-14,ACN,MSFT,ACN-MSFT
2026-01-14,ADI,IBM,ADI-IBM
2026-01-14,ADI,ROP,ADI-ROP
2026-01-14,AEP,DUK,AEP-DUK
2026-01-14,AEP,ED,AEP-ED
2026-01-14,AEP,FE,AEP-FE
2026-01-14,AEP,XEL,AEP-XEL
2026-01-14,AFL,EG,AFL-EG
2026-01-14,AFL,USB,AFL-USB
2026-01-14,AIG,BRO,AIG-BRO
2026-01-14,AIG,FISV,AIG-FISV
2026-01-14,AIG,IVZ,AIG-IVZ
2026-01-14,AIG,L,AIG-L
2026-01-14,ALL,MET,ALL-MET
2026-01-14,ALLE,AOS,ALLE-AOS
2026-01-14,AMD,MRVL,AMD-MRVL
2026-01-14,AME,AOS,AME-AOS
2026-01-14,AME,EME,AME-EME
2026-01-14,AME,LHX,AME-LHX
2026-01-14,AMP,JPM,AMP-JPM
2026-01-14,ANET,AVGO,ANET-AVGO
2026-01-14,AON,GPN,AON-GPN
2026-01-14,AON,WTW,AON-WTW
2026-01-14,AOS,ETN,AOS-ETN
2026-01-14,APD,CRH,APD-CRH
2026-01-14,APH,FLEX,APH-FLEX
2026-01-14,APTV,WYNN,APTV-WYNN
2026-01-14,ATO,XEL,ATO-XEL
2026-01-14,AVB,ESS,AVB-ESS
2026-01-14,BA,UAL,BA-UAL
2026-01-14,BAC,BNY,BAC-BNY
2026-01-14,BDX,BSX,BDX-BSX
2026-01-14,BEN,NTRS,BEN-NTRS
2026-01-14,BNY,PNC,BNY-PNC
2026-01-14,BR,CPRT,BR-CPRT
2026-01-14,BRO,L,BRO-L
2026-01-14,C,GS,C-GS
2026-01-14,C,HIG,C-HIG
2026-01-14,C,JPM,C-JPM
2026-01-14,C,MET,C-MET
2026-01-14,C,PRU,C-PRU
2026-01-14,CCI,SBAC,CCI-SBAC
2026-01-14,CFG,PRU,CFG-PRU
2026-01-14,CMS,DTE,CMS-DTE
2026-01-14,CMS,ES,CMS-ES
2026-01-14,CMS,FE,CMS-FE
2026-01-14,CMS,PCG,CMS-PCG
2026-01-14,CMS,XEL,CMS-XEL
2026-01-14,COF,MET,COF-MET
2026-01-14,COF,RJF,COF-RJF
2026-01-14,COP,CVX,COP-CVX
2026-01-14,CPT,EQR,CPT-EQR
2026-01-14,CPT,EXR,CPT-EXR
2026-01-14,CPT,PLD,CPT-PLD
2026-01-14,CPT,UDR,CPT-UDR
2026-01-14,DE,HON,DE-HON
2026-01-14,DHR,TMO,DHR-TMO
2026-01-14,DOC,WELL,DOC-WELL
2026-01-14,DOV,ETN,DOV-ETN
2026-01-14,DOV,ROK,DOV-ROK
2026-01-14,DOV,TDG,DOV-TDG
2026-01-14,DTE,EIX,DTE-EIX
2026-01-14,DTE,ES,DTE-ES
2026-01-14,DUK,ED,DUK-ED
2026-01-14,EG,L,EG-L
2026-01-14,EMR,ETN,EMR-ETN
2026-01-14,ES,NEE,ES-NEE
2026-01-14,ES,PNW,ES-PNW
2026-01-14,ESS,UDR,ESS-UDR
2026-01-14,ETR,NEE,ETR-NEE
2026-01-14,EXPD,OTIS,EXPD-OTIS
2026-01-14,EXPD,PH,EXPD-PH
2026-01-14,EXPD,PWR,EXPD-PWR
2026-01-14,EXPD,UPS,EXPD-UPS
2026-01-14,EXPE,GM,EXPE-GM
2026-01-14,FDX,MAS,FDX-MAS
2026-01-14,FE,LNT,FE-LNT
2026-01-14,FE,PPL,FE-PPL
2026-01-14,FIS,V,FIS-V
2026-01-14,FISV,MA,FISV-MA
2026-01-14,FITB,MS,FITB-MS
2026-01-14,FITB,PRU,FITB-PRU
2026-01-14,FRT,SPG,FRT-SPG
2026-01-14,FTNT,NVDA,FTNT-NVDA
2026-01-14,GDDY,MPWR,GDDY-MPWR
2026-01-14,GDDY,PTC,GDDY-PTC
2026-01-14,GDDY,SNPS,GDDY-SNPS
2026-01-14,GE,WAB,GE-WAB
2026-01-14,GL,JPM,GL-JPM
2026-01-14,GOOG,GOOGL,GOOG-GOOGL
2026-01-14,GPN,MA,GPN-MA
2026-01-14,HBAN,PFG,HBAN-PFG
2026-01-14,HBAN,SCHW,HBAN-SCHW
2026-01-14,HON,JBHT,HON-JBHT
2026-01-14,HON,RTX,HON-RTX
2026-01-14,HUBB,SWK,HUBB-SWK
2026-01-14,HWM,SNA,HWM-SNA
2026-01-14,IEX,TT,IEX-TT
2026-01-14,INTU,NOW,INTU-NOW
2026-01-14,IQV,LH,IQV-LH
2026-01-14,IVZ,USB,IVZ-USB
2026-01-14,J,PCAR,J-PCAR
2026-01-14,JBHT,JCI,JBHT-JCI
2026-01-14,JCI,PNR,JCI-PNR
2026-01-14,JCI,WAB,JCI-WAB
2026-01-14,KEY,PNC,KEY-PNC
2026-01-14,KEY,SCHW,KEY-SCHW
2026-01-14,KIM,REG,KIM-REG
2026-01-14,KKR,TROW,KKR-TROW
2026-01-14,KLAC,PTC,KLAC-PTC
2026-01-14,L,MS,L-MS
2026-01-14,L,PGR,L-PGR
2026-01-14,L,PNC,L-PNC
2026-01-14,L,TRV,L-TRV
2026-01-14,L,WFC,L-WFC
2026-01-14,LHX,NOC,LHX-NOC
2026-01-14,LIN,PPG,LIN-PPG
2026-01-14,MA,WTW,MA-WTW
2026-01-14,MCO,SPGI,MCO-SPGI
2026-01-14,MDLZ,SJM,MDLZ-SJM
2026-01-14,MKC,SYY,MKC-SYY
2026-01-14,MLM,VMC,MLM-VMC
2026-01-14,MMM,SWK,MMM-SWK
2026-01-14,MMM,WM,MMM-WM
2026-01-14,MPWR,TEL,MPWR-TEL
2026-01-14,MS,PNC,MS-PNC
2026-01-14,MS,STT,MS-STT
2026-01-14,MSCI,SCHW,MSCI-SCHW
2026-01-14,MTB,RJF,MTB-RJF
2026-01-14,NDAQ,STT,NDAQ-STT
2026-01-14,NI,SRE,NI-SRE
2026-01-14,NOC,PNR,NOC-PNR
2026-01-14,NTRS,PRU,NTRS-PRU
2026-01-14,NTRS,RJF,NTRS-RJF
2026-01-14,NUE,STLD,NUE-STLD
2026-01-14,NVDA,TER,NVDA-TER
2026-01-14,NXPI,TEL,NXPI-TEL
2026-01-14,NXPI,ZBRA,NXPI-ZBRA
2026-01-14,O,VTR,O-VTR
2026-01-14,PEG,SO,PEG-SO
2026-01-14,PH,UPS,PH-UPS
2026-01-14,RJF,TFC,RJF-TFC
2026-01-14,SNA,SWK,SNA-SWK
2026-01-14,SYF,WFC,SYF-WFC
2026-01-14,TDY,TER,TDY-TER
2026-01-14,TXT,WAB,TXT-WAB
2026-01-14,V,WTW,V-WTW
2026-07-17,ACGL,EG,ACGL-EG
2026-07-17,ACN,MSFT,ACN-MSFT
2026-07-17,ADI,IBM,ADI-IBM
2026-07-17,ADI,ROP,ADI-ROP
2026-07-17,AEP,DUK,AEP-DUK
2026-07-17,AEP,ED,AEP-ED
2026-07-17,AEP,FE,AEP-FE
2026-07-17,AEP,XEL,AEP-XEL
2026-07-17,AFL,EG,AFL-EG
2026-07-17,AFL,USB,AFL-USB
2026-07-17,AIG,BRO,AIG-BRO
2026-07-17,AIG,FISV,AIG-FISV
2026-07-17,AIG,IVZ,AIG-IVZ
2026-07-17,AIG,L,AIG-L
2026-07-17,ALL,MET,ALL-MET
2026-07-17,ALLE,AOS,ALLE-AOS
2026-07-17,AMD,MRVL,AMD-MRVL
2026-07-17,AME,AOS,AME-AOS
2026-07-17,AME,EME,AME-EME
2026-07-17,AME,LHX,AME-LHX
2026-07-17,AMP,JPM,AMP-JPM
2026-07-17,ANET,AVGO,ANET-AVGO
2026-07-17,AON,GPN,AON-GPN
2026-07-17,AON,WTW,AON-WTW
2026-07-17,AOS,ETN,AOS-ETN
2026-07-17,APD,CRH,APD-CRH
2026-07-17,APH,FLEX,APH-FLEX
2026-07-17,APTV,WYNN,APTV-WYNN
2026-07-17,ATO,XEL,ATO-XEL
2026-07-17,AVB,ESS,AVB-ESS
2026-07-17,BA,UAL,BA-UAL
2026-07-17,BAC,BNY,BAC-BNY
2026-07-17,BDX,BSX,BDX-BSX
2026-07-17,BEN,NTRS,BEN-NTRS
2026-07-17,BNY,PNC,BNY-PNC
2026-07-17,BR,CPRT,BR-CPRT
2026-07-17,BRO,L,BRO-L
2026-07-17,C,GS,C-GS
2026-07-17,C,HIG,C-HIG
2026-07-17,C,JPM,C-JPM
2026-07-17,C,MET,C-MET
2026-07-17,C,PRU,C-PRU
2026-07-17,CCI,SBAC,CCI-SBAC
2026-07-17,CFG,PRU,CFG-PRU
2026-07-17,CMS,DTE,CMS-DTE
2026-07-17,CMS,ES,CMS-ES
2026-07-17,CMS,FE,CMS-FE
2026-07-17,CMS,PCG,CMS-PCG
2026-07-17,CMS,XEL,CMS-XEL
2026-07-17,COF,MET,COF-MET
2026-07-17,COF,RJF,COF-RJF
2026-07-17,COP,CVX,COP-CVX
2026-07-17,CPT,EQR,CPT-EQR
2026-07-17,CPT,EXR,CPT-EXR
2026-07-17,CPT,PLD,CPT-PLD
2026-07-17,CPT,UDR,CPT-UDR
2026-07-17,DE,HON,DE-HON
2026-07-17,DHR,TMO,DHR-TMO
2026-07-17,DOC,WELL,DOC-WELL
2026-07-17,DOV,ETN,DOV-ETN
2026-07-17,DOV,ROK,DOV-ROK
2026-07-17,DOV,TDG,DOV-TDG
2026-07-17,DTE,EIX,DTE-EIX
2026-07-17,DTE,ES,DTE-ES
2026-07-17,DUK,ED,DUK-ED
2026-07-17,EG,HIG,EG-HIG
2026-07-17,EG,L,EG-L
2026-07-17,EG,TRV,EG-TRV
2026-07-17,EG,WRB,EG-WRB
2026-07-17,EMR,ETN,EMR-ETN
2026-07-17,ES,NEE,ES-NEE
2026-07-17,ES,PNW,ES-PNW
2026-07-17,ESS,UDR,ESS-UDR
2026-07-17,ETR,NEE,ETR-NEE
2026-07-17,EXPD,OTIS,EXPD-OTIS
2026-07-17,EXPD,PH,EXPD-PH
2026-07-17,EXPD,PWR,EXPD-PWR
2026-07-17,EXPD,UPS,EXPD-UPS
2026-07-17,EXPE,GM,EXPE-GM
2026-07-17,FDX,MAS,FDX-MAS
2026-07-17,FE,LNT,FE-LNT
2026-07-17,FE,PPL,FE-PPL
2026-07-17,FIS,V,FIS-V
2026-07-17,FISV,MA,FISV-MA
2026-07-17,FITB,MS,FITB-MS
2026-07-17,FITB,PRU,FITB-PRU
2026-07-17,FRT,SPG,FRT-SPG
2026-07-17,FTNT,NVDA,FTNT-NVDA
2026-07-17,GDDY,MPWR,GDDY-MPWR
2026-07-17,GDDY,PTC,GDDY-PTC
2026-07-17,GDDY,SNPS,GDDY-SNPS
2026-07-17,GE,WAB,GE-WAB
2026-07-17,GL,JPM,GL-JPM
2026-07-17,GOOG,GOOGL,GOOG-GOOGL
2026-07-17,GPN,MA,GPN-MA
2026-07-17,HBAN,PFG,HBAN-PFG
2026-07-17,HBAN,SCHW,HBAN-SCHW
2026-07-17,HON,JBHT,HON-JBHT
2026-07-17,HON,RTX,HON-RTX
2026-07-17,HUBB,SWK,HUBB-SWK
2026-07-17,HWM,SNA,HWM-SNA
2026-07-17,IEX,TT,IEX-TT
2026-07-17,INTU,NOW,INTU-NOW
2026-07-17,IQV,LH,IQV-LH
2026-07-17,IVZ,USB,IVZ-USB
2026-07-17,J,PCAR,J-PCAR
2026-07-17,JBHT,JCI,JBHT-JCI
2026-07-17,JCI,PNR,JCI-PNR
2026-07-17,JCI,WAB,JCI-WAB
2026-07-17,KEY,PNC,KEY-PNC
2026-07-17,KEY,RF,KEY-RF
2026-07-17,KEY,SCHW,KEY-SCHW
2026-07-17,KIM,REG,KIM-REG
2026-07-17,KKR,TROW,KKR-TROW
2026-07-17,KLAC,PTC,KLAC-PTC
2026-07-17,L,MS,L-MS
2026-07-17,L,PGR,L-PGR
2026-07-17,L,PNC,L-PNC
2026-07-17,L,TRV,L-TRV
2026-07-17,L,WFC,L-WFC
2026-07-17,LHX,NOC,LHX-NOC
2026-07-17,LIN,PPG,LIN-PPG
2026-07-17,MA,WTW,MA-WTW
2026-07-17,MCO,SPGI,MCO-SPGI
2026-07-17,MDLZ,SJM,MDLZ-SJM
2026-07-17,MKC,SYY,MKC-SYY
2026-07-17,MLM,VMC,MLM-VMC
2026-07-17,MMM,SWK,MMM-SWK
2026-07-17,MMM,WM,MMM-WM
2026-07-17,MPWR,TEL,MPWR-TEL
2026-07-17,MS,PNC,MS-PNC
2026-07-17,MS,STT,MS-STT
2026-07-17,MSCI,SCHW,MSCI-SCHW
2026-07-17,MTB,RJF,MTB-RJF
2026-07-17,NDAQ,STT,NDAQ-STT
2026-07-17,NI,SRE,NI-SRE
2026-07-17,NOC,PNR,NOC-PNR
2026-07-17,NTRS,PRU,NTRS-PRU
2026-07-17,NTRS,RJF,NTRS-RJF
2026-07-17,NUE,STLD,NUE-STLD
2026-07-17,NVDA,TER,NVDA-TER
2026-07-17,NXPI,TEL,NXPI-TEL
2026-07-17,NXPI,ZBRA,NXPI-ZBRA
2026-07-17,O,VTR,O-VTR
2026-07-17,PEG,SO,PEG-SO
2026-07-17,PH,UPS,PH-UPS
2026-07-17,RJF,TFC,RJF-TFC
2026-07-17,SNA,SWK,SNA-SWK
2026-07-17,SYF,WFC,SYF-WFC
2026-07-17,TDY,TER,TDY-TER
2026-07-17,TXT,WAB,TXT-WAB
2026-07-17,V,WTW,V-WTW
